	Kingdom	Phylum	Class	Order	Family	Genus	Species	ASV	ASVseqs
ASV_1	Bacteria	Firmicutes	Bacilli	Erysipelotrichales	Erysipelatoclostridiaceae	Catenibacterium	NA	ASV_1	GTGCGGAAGAGGATCGTGGAATTCCATGTGTAGCGGTGAAATGCGTAGATATATGGAGGAACACCAGTGGCGAAGGCGACGGTCTGGGCCGCAACTGACGCTCATTCCCGAAAGCGTGGGGAGCAAATAG
ASV_2	Bacteria	Actinobacteriota	Actinobacteria	Bifidobacteriales	Bifidobacteriaceae	Bifidobacterium	NA	ASV_2	GTGCGGTAGGGGAGACTGGAATTCCCGGTGTAACGGTGGAATGTGTAGATATCGGGAAGAACACCAATGGCGAAGGCAGGTCTCTGGGCCGTTACTGACGCTGAGGAGCGAAAGCGTGGGGAGCGAACAG
ASV_3	Bacteria	Actinobacteriota	Actinobacteria	Bifidobacteriales	Bifidobacteriaceae	Bifidobacterium	NA	ASV_3	GTGCGGTAGGGGAGACTGGAATTCCCGGTGTAACGGTGGAATGTGTAGATATCGGGAAGAACACCAATGGCGAAGGCAGGTCTCTGGGCCGTCACTGACGCTGAGGAGCGAAAGCGTGGGGAGCGAACAG
ASV_4	Bacteria	Firmicutes	Bacilli	Erysipelotrichales	Erysipelatoclostridiaceae	Catenibacterium	NA	ASV_4	GTGCGGAAGAGGATCGTGGAATTCCATGTGTAGCGGTGAAATGCGTAGATATATGGAGGAACACCAGTGGCGAAGGCGACGGTCTGGGCCGCAACTGACGCTCATTCCCGAAAGCGTGGGGAGCAAACAG
ASV_5	Bacteria	Firmicutes	Bacilli	Erysipelotrichales	Erysipelatoclostridiaceae	NA	NA	ASV_5	GTGCGGAAGAGGATCGTGGAATTCCATGTGTAGCGGTGAAATGCGTAGATATATGGAGGAACACCAGTGGCGAAGGCGACGGTCTGGACCGCAACTGACGCTCATTCCCGAAAGCGTGGGGAGCAAATAG
ASV_6	Bacteria	Actinobacteriota	Actinobacteria	Bifidobacteriales	Bifidobacteriaceae	Bifidobacterium	NA	ASV_6	GTGCGGTAGGGGAGACTGGAATTCCCGGTGTAACGGTGGAATGTGTAGATATCGGGAAGAACACCGATGGCGAAGGCAGGTCTCTGGGCCGTCACTGACGCTGAGGAGCGAAAGCGTGGGGAGCGAACAG
ASV_7	Bacteria	Firmicutes	Bacilli	Erysipelotrichales	Erysipelatoclostridiaceae	NA	NA	ASV_7	GTGCGGAAGAGGATCGTGGAATTCCATGTGTAGCGGTGAAATGCGTAGATATATGGAGGAACACCAGTGGCGAAGGCGACGGTCTGGGCCGCAACTGACGCTCATTCCTGAAAGCGTGGGGAGCAAATAG
ASV_8	Bacteria	Firmicutes	Bacilli	NA	NA	NA	NA	ASV_8	GTGCGGAAGAGGATCGTGGAATTCCATGTGTAGCGGTGAAATGCGTAGATATATGGAGGAACACCAGTGGCGAAGGCGGCTTACTGGACGATAACTGACGCTGAGGCTCGAAAGCGTGGGGAGCAAACAG
ASV_9	Bacteria	Firmicutes	Clostridia	Lachnospirales	Lachnospiraceae	NA	NA	ASV_9	GTGCGGAAGAGGATCGTGGAATTCCATGTGTAGCGGTGAAATGCGTAGATATTAGGAGGAACACCAGTGGCGAAGGCGGCTTACTGGACGATAACTGACGCTGAGGCTCGAAAGCGTGGGGAGCAAACAG
ASV_10	Bacteria	Firmicutes	Bacilli	NA	NA	NA	NA	ASV_10	GTGCGGAAGAGGATCGTGGAATTCCATGTGTAGCGGTGAAATGCGTAGATATATGGAGGAACACCAGTGGCGAAGGCGGCTTACTGGACGGTAACTGACGTTGAGGCTCGAAAGCGTGGGGAGCAAACAG
ASV_11	Bacteria	Firmicutes	Bacilli	NA	NA	NA	NA	ASV_11	GTGCGGAAGAGGATCGTGGAATTCCATGTGTAGCGGTGAAATGCGTAGATATATGGAGGAACACCAGTGGCGAAGGCGGCCTACTGGGCACCAACTGACGCTGAGGCTCGAAAGTGTGGGTAGCAAACAG
ASV_12	Bacteria	NA	NA	NA	NA	NA	NA	ASV_12	AGCGTCAGATGTGTATAAGAGACAGGCGGCCTACTGGGCACCAACTGACGCTGAGGCTCGAAAGTGTGGGTAGCAAACAGGATTAGATACCCCTGTAGTCCTGTCTCTTATACACATCTCCGAGC
ASV_13	Bacteria	Firmicutes	Bacilli	Erysipelotrichales	Erysipelotrichaceae	Holdemanella	NA	ASV_13	GTGCGGAAGAGGATCGTGGAATTCCATGTGTAGCGGTGAAATGCGTAGATATATGGAAGAACACCGGTGGCGAAGGCGGCCGTCTGGTCTGGATTCTGACACTGAAGCACGAAAGCGTGGGGAGCAAATAG
ASV_14	Bacteria	Firmicutes	Clostridia	Lachnospirales	Lachnospiraceae	NA	NA	ASV_14	GTGCGGAAGAGGATCGTGGAATTCCATGTGTAGCGGTGAAATGCGTAGATATTAGGAGGAACACCAGTGGCGAAGGCGGCTTACTGGACGGTAACTGACGTTGAGGCTCGAAAGCGTGGGGAGCAAACAG
ASV_15	Bacteria	NA	NA	NA	NA	NA	NA	ASV_15	AGCGTCAGATGTGTATAAGAGACAGGCGGCCTACTGGGCACCAACTGACGCTGAGGCTCGAAAGTGTGGGTAGCAAACAGGATTAGATACCCTTGTAGTCCTGTCTCTTATACACATCTCCGAGC
ASV_16	Bacteria	Firmicutes	NA	NA	NA	NA	NA	ASV_16	GTGCGGAAGAGGATCGTGGAATTCCATGTGTAGCGGTGAAATGCGTAGATATCGGGAGGAACACCAGTGGCGAAGGCGGCCTACTGGGCACCAACTGACGCTGAGGCTCGAAAGTGTGGGTAGCAAACAG
ASV_17	Bacteria	NA	NA	NA	NA	NA	NA	ASV_17	AGCGTCAGATGTGTATAAGAGACAGGCGGCCTACTGGGCACCAACTGACGCTGAGGCTCGAAAGTGTGGGTAGCAAACAGGATTAGATACCCTAGTAGTCCTGTCTCTTATACACATCTCCGAGC
ASV_18	Bacteria	NA	NA	NA	NA	NA	NA	ASV_18	AGCGTCAGATGTGTATAAGAGACAGGCGGCCTACTGGGCACCAACTGACGCTGAGGCTCGAAAGTGTGGGTAGCAAACAGGATTAGATACCCTGGTAGTCCTGTCTCTTATACACATCTCCGAGC
ASV_19	Bacteria	NA	NA	NA	NA	NA	NA	ASV_19	AGCGTCAGATGTGTATAAGAGACAGGCGGCCTACTGGGCACCAACTGACGCTGAGGCTCGAAAGTGTGGGTAGCAAACAGGATTAGATACCCCAGTAGTCCTGTCTCTTATACACATCTCCGAGC
ASV_20	Bacteria	Firmicutes	Bacilli	Erysipelotrichales	Erysipelatoclostridiaceae	Erysipelotrichaceae UCG-003	NA	ASV_20	GTGCGGAAGAGGATCGTGGAATTCCATGTGTAGCGGTGAAATGCGTAGATATATGGAGGAACACCAGTGGCGAAGGCGACGATCTGGCGCATAACTGACGCTCAGTCCCGAAAGCGTGGGGAGCAAATAG
ASV_21	Bacteria	NA	NA	NA	NA	NA	NA	ASV_21	AGCGTCAGATGTGTATAAGAGACAGTGTGCCTACGGGGCACCAACTGACGCTGAGGCTCGAAAGTGTGGGTAGCAAACAGGATTAGATACCCTAGTAGTCCTGTCTCTTATACACATCTCCGAGC
ASV_22	Bacteria	NA	NA	NA	NA	NA	NA	ASV_22	AGCGTCAGATGTGTATAAGAGACAGTGTGCCTACGGGGCACCAACTGACGCTGAGGCTCGAAAGTGTGGGTAGCAAACAGGATTAGATACCCCTGTAGTCCTGTCTCTTATACACATCTCCGAGC
ASV_23	Bacteria	NA	NA	NA	NA	NA	NA	ASV_23	AGCGTCAGATGTGTATAAGAGACAGGCGGCCTACTGGGCACCAACTGACGCTGAGGCTCGAAAGTGTGGGTAGCAAACAGGATTAGATACCCCGGTAGTCCTGTCTCTTATACACATCTCCGAGC
ASV_24	Bacteria	NA	NA	NA	NA	NA	NA	ASV_24	AGCGTCAGATGTGTATAAGAGACAGTGTGCCTACGGGGCACCAACTGACGCTGAGGCTCGAAAGTGTGGGTAGCAAACAGGATTAGATACCCTGGTAGTCCTGTCTCTTATACACATCTCCGAGC
ASV_25	Bacteria	NA	NA	NA	NA	NA	NA	ASV_25	AGCGTCAGATGTGTATAAGAGACAGGCGGCCTACTGGGCACCAACTGACGCTGAGGCTCGAAAGTGTGGGTAGCAAACAGGATTAGATACCCGTGTAGTCCTGTCTCTTATACACATCTCCGAGC
ASV_26	Bacteria	NA	NA	NA	NA	NA	NA	ASV_26	AGCGTCAGATGTGTATAAGAGACAGGCGGCCTACTGGGCACCAACTGACGCTGAGGCTCGAAAGTGTGGGTAGCAAACAGGATTAGATACCCGAGTAGTCCTGTCTCTTATACACATCTCCGAGC
ASV_27	Bacteria	NA	NA	NA	NA	NA	NA	ASV_27	AGCGTCAGATGTGTATAAGAGACAGTGTGCCTACGGGGCACCAACTGACGCTGAGGCTCGAAAGTGTGGGTAGCAAACAGGATTAGATACCCTTGTAGTCCTGTCTCTTATACACATCTCCGAGC
ASV_28	Bacteria	NA	NA	NA	NA	NA	NA	ASV_28	AGCGTCAGATGTGTATAAGAGACAGTGTGCCTACGGGGCACCAACTGACGCTGAGGCTCGAAAGTGTGGGTAGCAAACAGGATTAGATACCCCAGTAGTCCTGTCTCTTATACACATCTCCGAGC
ASV_29	Bacteria	NA	NA	NA	NA	NA	NA	ASV_29	AGCGTCAGATGTGTATAAGAGACAGTGTGCCTACGGGGCACCAACTGACGCTGAGGCTCGAAAGTGTGGGTAGCAAACAGGATTAGATACCCGAGTAGTCCTGTCTCTTATACACATCTCCGAGC
ASV_30	Bacteria	NA	NA	NA	NA	NA	NA	ASV_30	AGCGTCAGATGTGTATAAGAGACAGGCGGCCTACGGGGCACCAACTGACGCTGAGGCTCGAAAGTGTGGGTAGCAAACAGGATTAGATACCCCTGTAGTCCTGTCTCTTATACACATCTCCGAGC
ASV_31	Bacteria	NA	NA	NA	NA	NA	NA	ASV_31	AGCGTCAGATGTGTATAAGAGACAGGCGGCCTACGGGGCACCAACTGACGCTGAGGCTCGAAAGTGTGGGTAGCAAACAGGATTAGATACCCTAGTAGTCCTGTCTCTTATACACATCTCCGAGC
ASV_32	Bacteria	NA	NA	NA	NA	NA	NA	ASV_32	AGCGTCAGATGTGTATAAGAGACAGGCGGCCTACGGGGCACCAACTGACGCTGAGGCTCGAAAGTGTGGGTAGCAAACAGGATTAGATACCCCAGTAGTCCTGTCTCTTATACACATCTCCGAGC
ASV_33	Bacteria	NA	NA	NA	NA	NA	NA	ASV_33	AGCGTCAGATGTGTATAAGAGACAGGCGGCCTACGGGGCACCAACTGACGCTGAGGCTCGAAAGTGTGGGTAGCAAACAGGATTAGATACCCTGGTAGTCCTGTCTCTTATACACATCTCCGAGC
ASV_34	Bacteria	Firmicutes	Bacilli	Erysipelotrichales	Erysipelatoclostridiaceae	Catenibacterium	NA	ASV_34	GTGCGGAAGAGGATCGTGGAATTCCATGTGTAGCGGTGAAATGCGTAGATATATGGAGGAACACCAGTGGCGAAGGCGGCCTGCTGGGCTTTAACTGACGCTGAGGCACGAAAGCGTGGGTAGCAAACAG
ASV_35	Bacteria	NA	NA	NA	NA	NA	NA	ASV_35	AGCGTCAGATGTGTATAAGAGACAGGCGGCCTACGGGGCACCAACTGACGCTGAGGCTCGAAAGTGTGGGTAGCAAACAGGATTAGATACCCTTGTAGTCCTGTCTCTTATACACATCTCCGAGC
ASV_36	Bacteria	NA	NA	NA	NA	NA	NA	ASV_36	AGCGTCAGATGTGTATAAGAGACAGGGGGCCTACGGGGCACCAACTGACGCTGAGGCTCGAAAGTGTGGGTAGCAAACAGGATTAGATACCCCTGTAGTCCTGTCTCTTATACACATCTCCGAGC
ASV_37	Bacteria	NA	NA	NA	NA	NA	NA	ASV_37	AGCGTCAGATGTGTATAAGAGACAGTAAGCCTACGGGGCACCAACTGACGCTGAGGCTCGAAAGTGTGGGTAGCAAACAGGATTAGATACCCCTGTAGTCCTGTCTCTTATACACATCTCCGAGC
ASV_38	Bacteria	Firmicutes	Bacilli	Erysipelotrichales	Erysipelatoclostridiaceae	Catenibacterium	NA	ASV_38	GTGCGGAAGAGGATCGTGGAATTCCATGTGTAGCGGTGAAATGCGTAGATATATGGAGGAACACCAGTGGCGAAGGCGACGGTCTGGCCCGCAACTGACGCTCATTCCCGAAAGCGTGGGGAGCAAATAG
ASV_39	Bacteria	NA	NA	NA	NA	NA	NA	ASV_39	AGCGTCAGATGTGTATAAGAGACAGGCGGCCTACGGGGCACCAACTGACGCTGAGGCTCGAAAGTGTGGGTAGCAAACAGGATTAGATACCCGAGTAGTCCTGTCTCTTATACACATCTCCGAGC
ASV_40	Bacteria	NA	NA	NA	NA	NA	NA	ASV_40	AGCGTCAGATGTGTATAAGAGACAGGGGGCCTACGGGGCACCAACTGACGCTGAGGCTCGAAAGTGTGGGTAGCAAACAGGATTAGATACCCTGGTAGTCCTGTCTCTTATACACATCTCCGAGC
ASV_41	Bacteria	Proteobacteria	Gammaproteobacteria	Enterobacterales	Succinivibrionaceae	NA	NA	ASV_41	GTGCGGAAGAGGATCGTGGAATTCCATGTGTAGCGGTGAAATGCGTAGATATCTGGAAGAACACCAAAGGCGAAGGCAGTCTCCTGGGCAAATACTGACGCTCATATGCGAAAGCGTGGGTAGCAAACAG
ASV_42	Bacteria	NA	NA	NA	NA	NA	NA	ASV_42	AGCGTCAGATGTGTATAAGAGACAGGGGGCCTACGGGGCACCAACTGACGCTGAGGCTCGAAAGTGTGGGTAGCAAACAGGATTAGATACCCTTGTAGTCCTGTCTCTTATACACATCTCCGAGC
ASV_43	Bacteria	NA	NA	NA	NA	NA	NA	ASV_43	AGCGTCAGATGTGTATAAGAGACAGGGGGCCTACGGGGCACCAACTGACGCTGAGGCTCGAAAGTGTGGGTAGCAAACAGGATTAGATACCCTAGTAGTCCTGTCTCTTATACACATCTCCGAGC
ASV_44	Bacteria	Firmicutes	NA	NA	NA	NA	NA	ASV_44	GTGCGGAAGAGGATCGTGGAATTCCATGTGTAGCGGTGAAATGCGTAGAGATGGGGAGGAACACCAGTGGCGAAGGCGGCCTGCTGGGCTTTAACTGACGCTGAGGCACGAAAGCGTGGGTAGCAAACAG
ASV_45	Bacteria	NA	NA	NA	NA	NA	NA	ASV_45	AGCGTCAGATGTGTATAAGAGACAGAGGCCCTACGGGGCACCAACTGACGCTGAGGCTCGAAAGTGTGGGTAGCAAACAGGATTAGATACCCCTGTAGTCCTGTCTCTTATACACATCTCCGAGC
ASV_46	Bacteria	Firmicutes	Clostridia	Lachnospirales	Lachnospiraceae	NA	NA	ASV_46	AATGCGTAGATATTAGGAGGAACACCAGTGGCGAAGGCGGCTTACTGGACGGTAACTGACGTTGAGGCTCGAAAGCGTGGGGAGCAAACAG
ASV_47	Bacteria	Firmicutes	Bacilli	Erysipelotrichales	Erysipelotrichaceae	Holdemanella	NA	ASV_47	GTGCGGAAGAGGATCGTGGAATTCCATGTGTAGCGGTGAAATGCGTAGATATATGGAAGAACACCGGTGGCGAAGGCGGCCGTCTGGTCTGTTGCTGACACTGAAGCACGAAAGCGTGGGGAGCAAATAG
ASV_48	Bacteria	NA	NA	NA	NA	NA	NA	ASV_48	AGCGTCAGATGTGTATAAGAGACAGTAAGCCTACGGGGCACCAACTGACGCTGAGGCTCGAAAGTGTGGGTAGCAAACAGGATTAGATACCCCAGTAGTCCTGTCTCTTATACACATCTCCGAGC
ASV_49	Bacteria	NA	NA	NA	NA	NA	NA	ASV_49	AGCGTCAGATGTGTATAAGAGACAGGGGGCCTACGGGGCACCAACTGACGCTGAGGCTCGAAAGTGTGGGTAGCAAACAGGATTAGATACCCCAGTAGTCCTGTCTCTTATACACATCTCCGAGC
ASV_50	Bacteria	NA	NA	NA	NA	NA	NA	ASV_50	AGCGTCAGATGTGTATAAGAGACAGGCGGCCTACTGGGCTTTAACTGACGCTGAGGCACGAAAGCGTGGGTAGCAAACAGGATTAGATACCCTTGTAGTCCTGTCTCTTATACACATCTCCGAGC
ASV_51	Bacteria	NA	NA	NA	NA	NA	NA	ASV_51	AGCGTCAGATGTGTATAAGAGACAGTGTGCCTACGGGGCACCAACTGACGCTGAGGCTCGAAAGTGTGGGTAGCAAACAGGATTAGATACCCGGGTAGTCCTGTCTCTTATACACATCTCCGAGC
ASV_52	Bacteria	NA	NA	NA	NA	NA	NA	ASV_52	AGCGTCAGATGTGTATAAGAGACAGTGTGCCTACGGGGCACCAACTGACGCTGAGGCTCGAAAGTGTGGGTAGCAAACAGGATTAGATACCCGTGTAGTCCTGTCTCTTATACACATCTCCGAGC
ASV_53	Bacteria	Firmicutes	Bacilli	NA	NA	NA	NA	ASV_53	GTGCGGAAGAGGATCGTGGAATTCCATGTGTAGCGGTGAAATGCGTAGATATATGGAGGAACACCAGTGGCGAAGGCGACCTACTGGGCACCAACTGACGCTGAGGCTCGAAAGCATGGGTAGCAAACAG
ASV_54	Bacteria	NA	NA	NA	NA	NA	NA	ASV_54	AGCGTCAGATGTGTATAAGAGACAGGGGGCCTACGGGGCACCAACTGACGCTGAGGCTCGAAAGTGTGGGTAGCAAACAGGATTAGATACCCGAGTAGTCCTGTCTCTTATACACATCTCCGAGC
ASV_55	Bacteria	NA	NA	NA	NA	NA	NA	ASV_55	AGCGTCAGATGTGTATAAGAGACAGGGTGCCTACGGGGCACCAACTGACGCTGAGGCTCGAAAGTGTGGGTAGCAAACAGGATTAGATACCCTTGTAGTCCTGTCTCTTATACACATCTCCGAGC
ASV_56	Bacteria	Firmicutes	Bacilli	Erysipelotrichales	NA	NA	NA	ASV_56	GTGCGGAAGAGGATCGTGGAATTCCATGTGTAGCGGTGAAATGCGTAGATATATGGAGGAACACCAGTGGCGAAGGCGACTTACTGGACTGCTACTGACACTGAGGCACGAAAGCGTGGGGAGCAAACAG
ASV_57	Bacteria	Bacteroidota	Bacteroidia	Bacteroidales	Prevotellaceae	Prevotella_9	NA	ASV_57	GTGCGGAAGAGGATCGTGGAATTCCATGTGTAGCGGTGAAATGCTTAGATATCACGAAGAACTCCGATTGCGAAGGCAGCTCACTGGAGCGCAACTGACGCTGAAGCTCGAAAGTGCGGGTATCGAACAG
ASV_58	Bacteria	NA	NA	NA	NA	NA	NA	ASV_58	AGCGTCAGATGTGTATAAGAGACAGGGGGCCTACGGGGCACCAACTGACGCTGAGGCTCGAAAGTGTGGGTAGCAAACAGGATTAGATACCCGGGTAGTCCTGTCTCTTATACACATCTCCGAGC
ASV_59	Bacteria	NA	NA	NA	NA	NA	NA	ASV_59	AGCGTCAGATGTGTATAAGAGACAGAGAGCCTACGGGGCACCAACTGACGCTGAGGCTCGAAAGTGTGGGTAGCAAACAGGATTAGATACCCTGGTAGTCCTGTCTCTTATACACATCTCCGAGC
ASV_60	Bacteria	NA	NA	NA	NA	NA	NA	ASV_60	AGCGTCAGATGTGTATAAGAGACAGAGAGCCTACGGGGCACCAACTGACGCTGAGGCTCGAAAGTGTGGGTAGCAAACAGGATTAGATACCCTAGTAGTCCTGTCTCTTATACACATCTCCGAGC
ASV_61	Bacteria	NA	NA	NA	NA	NA	NA	ASV_61	AGCGTCAGATGTGTATAAGAGACAGAGAGCCTACGGGGCACCAACTGACGCTGAGGCTCGAAAGTGTGGGTAGCAAACAGGATTAGATACCCCTGTAGTCCTGTCTCTTATACACATCTCCGAGC
ASV_62	Bacteria	NA	NA	NA	NA	NA	NA	ASV_62	AGCGTCAGATGTGTATAAGAGACAGGGTGCCTACGGGGCACCAACTGACGCTGAGGCTCGAAAGTGTGGGTAGCAAACAGGATTAGATACCCCTGTAGTCCTGTCTCTTATACACATCTCCGAGC
ASV_63	Bacteria	Firmicutes	Clostridia	Lachnospirales	Lachnospiraceae	NA	NA	ASV_63	GTGCGGAAGAGGATCGTGGAATTCCATGTGTAGCGGTGAAATGCGTAGATATTAGGAGGAACACCAGTGGCGAAGGCGGCTTGCTGGACGATGACTGACGTTGAGGCTCGAAAGCGTGGGGAGCAAACAG
ASV_64	Bacteria	Firmicutes	Negativicutes	Veillonellales-Selenomonadales	Veillonellaceae	NA	NA	ASV_64	GTGCGGAAGAGGATCGTGGAATTCCATGTGTAGCGGTGAAATGCGTAGAGATTAGGAAGAACACCGGTGGCGAAGGCGACTTTCTGGACGACAACTGACGCTGAGGCGCGAAAGCGTGGGGAGCAAACAG
ASV_65	Bacteria	Firmicutes	NA	NA	NA	NA	NA	ASV_65	AGCGTCAGATGTGTATAAGAGACAGGCGGCCTACTGGGCTTTAACTGACGCTGAGGCTCGAAAGTGTGGGGAGCAAACAGGATTAGATACCCTAGTAGTCCTGTCTCTTATACACATCTCCGAGC
ASV_66	Bacteria	NA	NA	NA	NA	NA	NA	ASV_66	CTTTGAGCACCTCGGACTTCATGCGCCGCAGGATGAACGGCCCGGTGAGCTGGTTCAAACGGCGCAGTGCGTCTTTGTCGTCCTCCTGCACGATAGGCTTTTCAAACCGGGCGCAGAAGGTCTTGTAGGG
ASV_67	Bacteria	Bacteroidota	Bacteroidia	Bacteroidales	Bacteroidaceae	Bacteroides	NA	ASV_67	GTGCGGAAGAGGATCGTGGAATTCCATGTGTAGCGGTGAAATGCTTAGATATCACGAAGAACTCCGATTGCGAAGGCAGCCTGCTAAGCTGCAACTGACATTGAGGCTCGAAAGTGTGGGTATCAAACAG
ASV_68	Bacteria	Firmicutes	Bacilli	Erysipelotrichales	Erysipelatoclostridiaceae	Catenibacterium	NA	ASV_68	GTGCGGAAGAGGATCGTGGAATTCCATGTGTAGCGGTGAAATGCGTAGATATATGGAGGAACACCAGTGGCGAAGGCGACGGTCTGGGCCGCAACTGACGCTGAGGCGCGAAAGCGTGGGGAGCAAACAG
ASV_69	Bacteria	Firmicutes	Clostridia	Lachnospirales	Lachnospiraceae	[Eubacterium] hallii group	NA	ASV_69	GTGAAATGCGTAGATATTAGGAGGAACACCAGTGGCGAAGGCGGCCTGCTGGACTGTTACTGACACTGAGGCACGAAAGCGTGGGGAGCAAACAG
ASV_70	Bacteria	NA	NA	NA	NA	NA	NA	ASV_70	AGCGTCAGATGTGTATAAGAGACAGGGTGCCTACGGGGCACCAACTGACGCTGAGGCTCGAAAGTGTGGGTAGCAAACAGGATTAGATACCCTGGTAGTCCTGTCTCTTATACACATCTCCGAGC
ASV_71	Bacteria	NA	NA	NA	NA	NA	NA	ASV_71	AGCGTCAGATGTGTATAAGAGACAGAGAGCCTACGGGGCACCAACTGACGCTGAGGCTCGAAAGTGTGGGTAGCAAACAGGATTAGATACCCTTGTAGTCCTGTCTCTTATACACATCTCCGAGC
ASV_72	Bacteria	NA	NA	NA	NA	NA	NA	ASV_72	AGCGTCAGATGTGTATAAGAGACAGGGTGCCTACGGGGCACCAACTGACGCTGAGGCTCGAAAGTGTGGGTAGCAAACAGGATTAGATACCCGAGTAGTCCTGTCTCTTATACACATCTCCGAGC
ASV_73	Bacteria	NA	NA	NA	NA	NA	NA	ASV_73	AGCGTCAGATGTGTATAAGAGACAGTGAGCCTACGGGGCACCAACTGACGCTGAGGCTCGAAAGTGTGGGTAGCAAACAGGATTAGATACCCGAGTAGTCCTGTCTCTTATACACATCTCCGAGC
ASV_74	Bacteria	Actinobacteriota	NA	NA	NA	NA	NA	ASV_74	GTGCGGAAGAGGATCGTGGAATTCCATGTGTAGCGGTGAAATGCGTAGATATCGGGTGGAACACCGGTGGCGAAGGCGGCCCTCTGGGCCGAGACCGACGCTGAGGCGCGAAAGCTGGGGGAGCGAACAG
ASV_75	Bacteria	NA	NA	NA	NA	NA	NA	ASV_75	AGCGTCAGATGTGTATAAGAGACAGTGAGCCTACGGGGCACCAACTGACGCTGAGGCTCGAAAGTGTGGGTAGCAAACAGGATTAGATACCCTGGTAGTCCTGTCTCTTATACACATCTCCGAGC
ASV_76	Bacteria	NA	NA	NA	NA	NA	NA	ASV_76	AGCGTCAGATGTGTATAAGAGACAGGGTGCCTACGGGGCACCAACTGACGCTGAGGCTCGAAAGTGTGGGTAGCAAACAGGATTAGATACCCTAGTAGTCCTGTCTCTTATACACATCTCCGAGC
ASV_77	Bacteria	Firmicutes	Clostridia	Lachnospirales	Lachnospiraceae	NA	NA	ASV_77	GTGCGGAAGAGGATCGTGGAATTCCATGTGTAGCGGTGAAATGCGTAGATATTAGGAGGAACATCAGTGGCGAAGGCGGCTTACTGGACTGAAACTGACACTGAGGCACGAAAGCGTGGGGAGCAAACAG
ASV_78	Bacteria	NA	NA	NA	NA	NA	NA	ASV_78	AGCGTCAGATGTGTATAAGAGACAGAGAGCCTACGGGGCACCAACTGACGCTGAGGCTCGAAAGTGTGGGTAGCAAACAGGATTAGATACCCCAGTAGTCCTGTCTCTTATACACATCTCCGAGC
ASV_79	Bacteria	Firmicutes	Clostridia	Lachnospirales	Lachnospiraceae	NA	NA	ASV_79	GTGCGGAAGAGGATCGTGGAATTCCATGTGTAGCGGTGAAATGCGTAGATATTAGGAGGAACACCAGTGGCGAAGGCGGCTTACTGGACGATGACTGACGTTGAGGCTCGAAAGCGTGGGGAGCAAACAG
ASV_80	Bacteria	NA	NA	NA	NA	NA	NA	ASV_80	AGCGTCAGATGTGTATAAGAGACAGGGTGCCTACGGGGCACCAACTGACGCTGAGGCTCGAAAGTGTGGGTAGCAAACAGGATTAGATACCCCAGTAGTCCTGTCTCTTATACACATCTCCGAGC
ASV_81	Bacteria	NA	NA	NA	NA	NA	NA	ASV_81	AGCGTCAGATGTGTATAAGAGACAGAGAGCCTACGGGGCACCAACTGACGCTGAGGCTCGAAAGTGTGGGTAGCAAACAGGATTAGATACCCGTGTAGTCCTGTCTCTTATACACATCTCCGAGC
ASV_82	Bacteria	NA	NA	NA	NA	NA	NA	ASV_82	AGCGTCAGATGTGTATAAGAGACAGAGGCCCTACGGGGCACCAACTGACGCTGAGGCTCGAAAGTGTGGGTAGCAAACAGGATTAGATACCCTAGTAGTCCTGTCTCTTATACACATCTCCGAGC
ASV_83	Bacteria	NA	NA	NA	NA	NA	NA	ASV_83	AGCGTCAGATGTGTATAAGAGACAGGCGGCCTACTGGGCTTTAACTGACGCTGAGGCACGAAAGCGTGGGTAGCAAACAGGATTAGATACCCGAGTAGTCCTGTCTCTTATACACATCTCCGAGC
ASV_84	Bacteria	NA	NA	NA	NA	NA	NA	ASV_84	AGCGTCAGATGTGTATAAGAGACAGGGAGCCTACGGGGCACCAACTGACGCTGAGGCTCGAAAGTGTGGGTAGCAAACAGGATTAGATACCCTTGTAGTCCTGTCTCTTATACACATCTCCGAGC
ASV_85	Bacteria	Firmicutes	Clostridia	Lachnospirales	Lachnospiraceae	NA	NA	ASV_85	GTGCGGAAGAGGATCGTGGAATTCCATGTGTAGCGGTGAAATGCGTAGATATTAGGAGGAACACCAGTGGCGAAGGCGGCTTACTGGACGGCAACTGACGTTGAGGCTCGAAAGCGTGGGGAGCAAACAG
ASV_86	Bacteria	NA	NA	NA	NA	NA	NA	ASV_86	AGCGTCAGATGTGTATAAGAGACAGTGAGCCTACGGGGCACCAACTGACGCTGAGGCTCGAAAGTGTGGGTAGCAAACAGGATTAGATACCCTAGTAGTCCTGTCTCTTATACACATCTCCGAGC
ASV_87	Bacteria	NA	NA	NA	NA	NA	NA	ASV_87	AGCGTCAGATGTGTATAAGAGACAGTGAGCCTACGGGGCACCAACTGACGCTGAGGCTCGAAAGTGTGGGTAGCAAACAGGATTAGATACCCTTGTAGTCCTGTCTCTTATACACATCTCCGAGC
ASV_88	Bacteria	NA	NA	NA	NA	NA	NA	ASV_88	AGCGTCAGATGTGTATAAGAGACAGATAGCCTACGGGGCACCAACTGACGCTGAGGCTCGAAAGTGTGGGTAGCAAACAGGATTAGATACCCCAGTAGTCCTGTCTCTTATACACATCTCCGAGC
ASV_89	Bacteria	NA	NA	NA	NA	NA	NA	ASV_89	AGCGTCAGATGTGTATAAGAGACAGGGGTCCTACGGGGCACCAACTGACGCTGAGGCTCGAAAGTGTGGGTAGCAAACAGGATTAGATACCCTAGTAGTCCTGTCTCTTATACACATCTCCGAGC
ASV_90	Bacteria	NA	NA	NA	NA	NA	NA	ASV_90	AGCGTCAGATGTGTATAAGAGACAGTGAGCCTACGGGGCACCAACTGACGCTGAGGCTCGAAAGTGTGGGTAGCAAACAGGATTAGATACCCCTGTAGTCCTGTCTCTTATACACATCTCCGAGC
ASV_91	Bacteria	NA	NA	NA	NA	NA	NA	ASV_91	AGCGTCAGATGTGTATAAGAGACAGTGAGCCTACGGGGCACCAACTGACGCTGAGGCTCGAAAGTGTGGGTAGCAAACAGGATTAGATACCCCAGTAGTCCTGTCTCTTATACACATCTCCGAGC
ASV_92	Bacteria	NA	NA	NA	NA	NA	NA	ASV_92	AGCGTCAGATGTGTATAAGAGACAGATATCCTACGGGGCACCAACTGACGCTGAGGCTCGAAAGTGTGGGTAGCAAACAGGATTAGATACCCTTGTAGTCCTGTCTCTTATACACATCTCCGAGC
ASV_93	Bacteria	Bacteroidota	Bacteroidia	Bacteroidales	Bacteroidaceae	Bacteroides	NA	ASV_93	GTGCGGAAGAGGATCGTGGAATTCCATGTGTAGCGGTGAAATGCGTAGATATCACGAAGAACTCCGATTGCGAAGGCAGCCTGCTAAGCTGCAACTGACATTGAGGCTCGAAAGTGTGGGTATCAAACAG
ASV_94	Bacteria	NA	NA	NA	NA	NA	NA	ASV_94	AGCGTCAGATGTGTATAAGAGACAGGGAGCCTACGGGGCACCAACTGACGCTGAGGCTCGAAAGTGTGGGTAGCAAACAGGATTAGATACCCTAGTAGTCCTGTCTCTTATACACATCTCCGAGC
ASV_95	Bacteria	Firmicutes	Bacilli	Erysipelotrichales	Erysipelotrichaceae	Holdemanella	NA	ASV_95	GTGCGGAAGAGGATCGTGGAATTCCATGTGTAGCGGTAAAATGCGTAGATATATGGAAGAACACCGGTGGCGAAGGCGGCCGTCTGGTCTGGATTCTGACACTGAAGCACGAAAGCGTGGGGAGCAAATAG
ASV_96	Bacteria	NA	NA	NA	NA	NA	NA	ASV_96	AGCGTCAGATGTGTATAAGAGACAGTGTTCCTACGGGGCACCAACTGACGCTGAGGCTCGAAAGTGTGGGTAGCAAACAGGATTAGATACCCTAGTAGTCCTGTCTCTTATACACATCTCCGAGC
ASV_97	Bacteria	NA	NA	NA	NA	NA	NA	ASV_97	AGCGTCAGATGTGTATAAGAGACAGTGCGCCTACGGGGCACCAACTGACGCTGAGGCTCGAAAGTGTGGGTAGCAAACAGGATTAGATACCCTTGTAGTCCTGTCTCTTATACACATCTCCGAGC
ASV_98	Bacteria	Firmicutes	Bacilli	Lactobacillales	Lactobacillaceae	NA	NA	ASV_98	GTGCGGAAGAGGATCGTGGAATTCCATGTGTAGCGGTGAAATGCGTAGATATATGGAAGAACACCAGTGGCGAAAGCGGCTCTCTGGTCTGTAACTGACGCTGAGGTTCGAAAGCGTGGGTAGCAAACAG
ASV_99	Bacteria	Firmicutes	NA	NA	NA	NA	NA	ASV_99	GTGCGGAAGAGGATCGTGGAATTCCATGTGTAGCGGTGAAATGCGTAGATATTAGGAGGAACACCAGTGGCGAAGGCGGCCTGCTGGACTGTTACTGACACTGAGGCACGAAAGCGTGGGGAGCAAACAG
ASV_100	Bacteria	Firmicutes	Clostridia	Lachnospirales	Lachnospiraceae	NA	NA	ASV_100	GTGCGGAAGAGGATCGTGGAATTCCATGTGTAGCGGTGAAATGCGTAGATATTAGGAGGAACACCAGTGGCGAAGGCGGCTTACTGGACGATTACTGACGCTGAGGCTCGAAAGCGTGGGGAGCAAACAG
ASV_101	Bacteria	NA	NA	NA	NA	NA	NA	ASV_101	AGCGTCAGATGTGTATAAGAGACAGTTTGCCTACGGGGCACCAACTGACGCTGAGGCTCGAAAGTGTGGGTAGCAAACAGGATTAGATACCCTTGTAGTCCTGTCTCTTATACACATCTCCGAGC
ASV_102	Bacteria	NA	NA	NA	NA	NA	NA	ASV_102	AGCGTCAGATGTGTATAAGAGACAGTTTGCCTACGGGGCACCAACTGACGCTGAGGCTCGAAAGTGTGGGTAGCAAACAGGATTAGATACCCTAGTAGTCCTGTCTCTTATACACATCTCCGAGC
ASV_103	Bacteria	Firmicutes	Negativicutes	Veillonellales-Selenomonadales	Veillonellaceae	Dialister	succinatiphilus	ASV_103	GTATCGGAGAGGAAAGTGGAATTCCTAGTGTAGCGGTGAAATGCGTAGAGATTAGGAAGAACACCGGTGGCGAAGGCGACTTTCTGGACGACAACTGACGCTGAGGCGCGAAAGCGTGGGGAGCAAACAG
ASV_104	Bacteria	NA	NA	NA	NA	NA	NA	ASV_104	AGCGTCAGATGTGTATAAGAGACAGTGAGCCTACGGGGCACCAACTGACGCTGAGGCTCGAAAGTGTGGGTAGCAAACAGGATTAGATACCCCGGTAGTCCTGTCTCTTATACACATCTCCGAGC
ASV_105	Bacteria	Firmicutes	Bacilli	NA	NA	NA	NA	ASV_105	GTGCGGAAGAGGATCGTGGAATTCCATGTGTAGCGGTGAAATGCGTAGATATATGGAGGAACACCAGTGGCGAAGGCGGCTTACTGGACGATTACTGACGCTGAGGCTCGAAAGCGTGGGGAGCAAACAG
ASV_106	Bacteria	NA	NA	NA	NA	NA	NA	ASV_106	AGCGTCAGATGTGTATAAGAGACAGGGAGCCTACGGGGCACCAACTGACGCTGAGGCTCGAAAGTGTGGGTAGCAAACAGGATTAGATACCCCTGTAGTCCTGTCTCTTATACACATCTCCGAGC
ASV_107	Bacteria	Actinobacteriota	Coriobacteriia	Coriobacteriales	Eggerthellaceae	Enterorhabdus	NA	ASV_107	GTGCGGTAGGGGAGAGCGGAATTCCAAGTGTAGCGGTGAAATGCGCAGATATTTGGAAGAACACCGATGGCGAAGGCAGCTCTCTGGGCCGTCACTGACGCTGAGGCGCGAAAGCCGGGGGAGCGAACAG
ASV_108	Bacteria	Firmicutes	Bacilli	Erysipelotrichales	NA	NA	NA	ASV_108	GTGCGGAAGAGGATCGTGGAATTCCATGTGTAGCGGTGAAATGCGTAGATATATGGAGGAACACCAGTGGCGAAGGCGGCTTGCTGGACGATGACTGACGTTGAGGCTCGAAAGCGTGGGGAGCAAACAG
ASV_109	Bacteria	NA	NA	NA	NA	NA	NA	ASV_109	AGCGTCAGATGTGTATAAGAGACAGAGAGCCTACGGGGCACCAACTGACGCTGAGGCTCGAAAGTGTGGGTAGCAAACAGGATTAGATACCCGAGTAGTCCTGTCTCTTATACACATCTCCGAGC
ASV_110	Bacteria	Proteobacteria	NA	NA	NA	NA	NA	ASV_110	GCAAAATTCTCTGTTTTATCTACATAAATAATTCCGCGAGAGGAATTCACAATAAGTCCACAGGTGCTGTTCATACCATATTTGCATACTTCTTCGAGAGAACCTCCCTGA
ASV_111	Bacteria	NA	NA	NA	NA	NA	NA	ASV_111	AGCGTCAGATGTGTATAAGAGACAGGGGTCCTACGGGGCACCAACTGACGCTGAGGCTCGAAAGTGTGGGTAGCAAACAGGATTAGATACCCTGGTAGTCCTGTCTCTTATACACATCTCCGAGC
ASV_112	Bacteria	NA	NA	NA	NA	NA	NA	ASV_112	AGCGTCAGATGTGTATAAGAGACAGTGGCCCTACGGGGCACCAACTGACGCTGAGGCTCGAAAGTGTGGGTAGCAAACAGGATTAGATACCCTTGTAGTCCTGTCTCTTATACACATCTCCGAGC
ASV_113	Bacteria	NA	NA	NA	NA	NA	NA	ASV_113	AGCGTCAGATGTGTATAAGAGACAGGCGACCTACGGGGCACCAACTGACGCTGAGGCTCGAAAGCATGGGTAGCAAACAGGATTAGATACCCTGGTAGTCCTGTCTCTTATACACATCTCCGAGC
ASV_114	Bacteria	NA	NA	NA	NA	NA	NA	ASV_114	AGCGTCAGATGTGTATAAGAGACAGAGAGCCTACGGGGCACCAACTGACGCTGAGGCTCGAAAGTGTGGGTAGCAAACAGGATTAGATACCCGGGTAGTCCTGTCTCTTATACACATCTCCGAGC
ASV_115	Bacteria	Firmicutes	Clostridia	Oscillospirales	Oscillospiraceae	NA	NA	ASV_115	GTGCGGAAGAGGATCGTGGAATTCCATGTGTAGCGGTGAAATGCGTAGATATTAGGAGGAACACCAGTGGCGAAGGCGGATTGCTGGACGACAACTGACGGTGAGGCGCGAAAGCGTGGGGAGCAAACAG
ASV_116	Bacteria	NA	NA	NA	NA	NA	NA	ASV_116	AGCGTCAGATGTGTATAAGAGACAGGGGTCCTACGGGGCACCAACTGACGCTGAGGCTCGAAAGTGTGGGTAGCAAACAGGATTAGATACCCCAGTAGTCCTGTCTCTTATACACATCTCCGAGC
ASV_117	Bacteria	NA	NA	NA	NA	NA	NA	ASV_117	AGCGTCAGATGTGTATAAGAGACAGGGGTCCTACGGGGCACCAACTGACGCTGAGGCTCGAAAGTGTGGGTAGCAAACAGGATTAGATACCCCTGTAGTCCTGTCTCTTATACACATCTCCGAGC
ASV_118	Bacteria	Firmicutes	Clostridia	Oscillospirales	Ruminococcaceae	NA	NA	ASV_118	GTGCGGAAGAGGATCGTGGAATTCCATGTGTAGCGGTGAAATGCGTAGATATCGGGAGGAACACCAGTGGCGAAGGCGACCTACTGGGCACCAACTGACGCTGAGGCTCGAAAGCATGGGTAGCAAACAG
ASV_119	Bacteria	Firmicutes	Clostridia	Lachnospirales	Lachnospiraceae	NA	NA	ASV_119	GTGCGGAAGAGGATCGTGGAATTCCATGTGTAGCGGTGAAATGCGTAGATATTAGGAAGAACACCAGTGGCGAAGGCGGCTTACTGGACGGTAACTGACGTTGAGGCTCGAAAGCGTGGGGAGCAAACAG
ASV_120	Bacteria	NA	NA	NA	NA	NA	NA	ASV_120	AGCGTCAGATGTGTATAAGAGACAGTGTTCCTACGGGGCACCAACTGACGCTGAGGCTCGAAAGTGTGGGTAGCAAACAGGATTAGATACCCCAGTAGTCCTGTCTCTTATACACATCTCCGAGC
ASV_121	Bacteria	NA	NA	NA	NA	NA	NA	ASV_121	AGCGTCAGATGTGTATAAGAGACAGTGTTCCTACGGGGCACCAACTGACGCTGAGGCTCGAAAGTGTGGGTAGCAAACAGGATTAGATACCCTTGTAGTCCTGTCTCTTATACACATCTCCGAGC
ASV_122	Bacteria	NA	NA	NA	NA	NA	NA	ASV_122	AGCGTCAGATGTGTATAAGAGACAGTGAGCCTACGGGGCACCAACTGACGCTGAGGCTCGAAAGTGTGGGTAGCAAACAGGATTAGATACCCGTGTAGTCCTGTCTCTTATACACATCTCCGAGC
ASV_123	Bacteria	NA	NA	NA	NA	NA	NA	ASV_123	AGCGTCAGATGTGTATAAGAGACAGCGAGCCTACGGGGCACCAACTGACGCTGAGGCTCGAAAGTGTGGGTAGCAAACAGGATTAGATACCCCGGTAGTCCTGTCTCTTATACACATCTCCGAGC
ASV_124	Bacteria	NA	NA	NA	NA	NA	NA	ASV_124	AGCGTCAGATGTGTATAAGAGACAGTTTGCCTACGGGGCACCAACTGACGCTGAGGCTCGAAAGTGTGGGTAGCAAACAGGATTAGATACCCCAGTAGTCCTGTCTCTTATACACATCTCCGAGC
ASV_125	Bacteria	Firmicutes	Bacilli	NA	NA	NA	NA	ASV_125	GTGCGGAAGAGGATCGTGGAATTCCATGTGTAGCGGTGAAATGCGTAGATATATGGAGGAACACCAGTGGCGAAGGCGGCTTTCTGGACTGTAACTGACGCTGAGGCTCGAAAGCTAGGGTAGCGAACGG
ASV_126	Bacteria	NA	NA	NA	NA	NA	NA	ASV_126	AGCGTCAGATGTGTATAAGAGACAGTGCGCCTACGGGGCACCAACTGACGCTGAGGCTCGAAAGTGTGGGTAGCAAACAGGATTAGATACCCTAGTAGTCCTGTCTCTTATACACATCTCCGAGC
ASV_127	Bacteria	Firmicutes	Clostridia	Lachnospirales	Lachnospiraceae	NA	NA	ASV_127	GTGCGGAAGAGGATCGTGGAATTCCATGTGTAGCGGTGAAATGCGTAGATATTAGGAGGAACACCAGTGGCGAAGGCGGCTTGCTGGACTGTAACTGACACTGAGGCTCGAAAGCGTGGGGAGCAAACAG
ASV_128	Bacteria	NA	NA	NA	NA	NA	NA	ASV_128	AGCGTCAGATGTGTATAAGAGACAGCGAGCCTACGGGGCACCAACTGACGCTGAGGCTCGAAAGTGTGGGTAGCAAACAGGATTAGATACCCTTGTAGTCCTGTCTCTTATACACATCTCCGAGC
ASV_129	Bacteria	Bacteroidota	Bacteroidia	Bacteroidales	Prevotellaceae	NA	NA	ASV_129	GTGCGGAAGAGGATCGTGGAATTCCATGTGTAGCGGTGAAATGCGTAGATATCACGAAGAACTCCGATTGCGAAGGCAGCTCACTGGAGCGCAACTGACGCTGAAGCTCGAAAGTGCGGGTATCGAACAG
ASV_130	Bacteria	NA	NA	NA	NA	NA	NA	ASV_130	AGCGTCAGATGTGTATAAGAGACAGTTTGCCTACGGGGCACCAACTGACGCTGAGGCTCGAAAGTGTGGGTAGCAAACAGGATTAGATACCCTGGTAGTCCTGTCTCTTATACACATCTCCGAGC
ASV_131	Bacteria	Firmicutes	Clostridia	Lachnospirales	Lachnospiraceae	NA	NA	ASV_131	GTGCGGAAGAGGATCGTGGAATTCCTAGTGTAGCGGTGAAATGCGTAGATATTAGGAGGAACACCAGTGGCGAAGGCGGCTTACTGGACGATAACTGACGCTGAGGCTCGAAAGCGTGGGGAGCAAACAG
ASV_132	Bacteria	Firmicutes	NA	NA	NA	NA	NA	ASV_132	AGCGTCAGATGTGTATAAGAGACAGGCGGCCTACTGGGCTTTAACTGACGCTGAGGCTCGAAAGTGTGGGGAGCAAACAGGATTAGATACCCCTGTAGTCCTGTCTCTTATACACATCTCCGAGC
ASV_133	Bacteria	NA	NA	NA	NA	NA	NA	ASV_133	AGCGTCAGATGTGTATAAGAGACAGTGTTCCTACGGGGCACCAACTGACGCTGAGGCTCGAAAGTGTGGGTAGCAAACAGGATTAGATACCCTGGTAGTCCTGTCTCTTATACACATCTCCGAGC
ASV_134	Bacteria	NA	NA	NA	NA	NA	NA	ASV_134	AGCGTCAGATGTGTATAAGAGACAGGGAGCCTACGGGGCACCAACTGACGCTGAGGCTCGAAAGTGTGGGTAGCAAACAGGATTAGATACCCTGGTAGTCCTGTCTCTTATACACATCTCCGAGC
ASV_135	Bacteria	Firmicutes	Bacilli	Erysipelotrichales	Erysipelotrichaceae	Holdemanella	NA	ASV_135	GTGCGGAAGAGGATCGTGGAATTCCATGTGTAGCGGTAAAATGCGTAGATATATGGAAGAACACCGGTGGCGAAGGCGGCCGTCTGGTCTGTTGCTGACACTGAAGCACGAAAGCGTGGGGAGCAAATAG
ASV_136	Bacteria	Firmicutes	Bacilli	Lactobacillales	Streptococcaceae	NA	NA	ASV_136	GTGCGGAAGAGGATCGTGGAATTCCATGTGTAGCGGTGAAATGCGTAGATATATGGAGGAACACCGGTGGCGAAAGCGGCTCTCTGGTCTGTAACTGACGCTGAGGCTCGAAAGCGTGGGGAGCGAACAG
ASV_137	Bacteria	NA	NA	NA	NA	NA	NA	ASV_137	AGCGTCAGATGTGTATAAGAGACAGAGCGCCTACGGGGCACCAACTGACGCTGAGGCTCGAAAGTGTGGGTAGCAAACAGGATTAGATACCCCTGTAGTCCTGTCTCTTATACACATCTCCGAGC
ASV_138	Bacteria	NA	NA	NA	NA	NA	NA	ASV_138	AGCGTCAGATGTGTATAAGAGACAGTAGGCCTACGGGGCACCAACTGACGCTGAGGCTCGAAAGTGTGGGTAGCAAACAGGATTAGATACCCTTGTAGTCCTGTCTCTTATACACATCTCCGAGC
ASV_139	Bacteria	Firmicutes	Bacilli	NA	NA	NA	NA	ASV_139	GTGCGGAAGAGGATCGTGGAATTCCATGTGTAGCGGTGAAATGCGTAGATATATGGAGGAACACCAGTGGCGAAGGCGGCTTACTGGACGATGACTGACGTTGAGGCTCGAAAGCGTGGGGAGCAAACAG
ASV_140	Bacteria	NA	NA	NA	NA	NA	NA	ASV_140	AGCGTCAGATGTGTATAAGAGACAGGGAGCCTACGGGGCACCAACTGACGCTGAGGCTCGAAAGTGTGGGTAGCAAACAGGATTAGATACCCCAGTAGTCCTGTCTCTTATACACATCTCCGAGC
ASV_141	Bacteria	NA	NA	NA	NA	NA	NA	ASV_141	AGCGTCAGATGTGTATAAGAGACAGTTTGCCTACGGGGCACCAACTGACGCTGAGGCTCGAAAGTGTGGGTAGCAAACAGGATTAGATACCCCTGTAGTCCTGTCTCTTATACACATCTCCGAGC
ASV_142	Bacteria	NA	NA	NA	NA	NA	NA	ASV_142	AGCGTCAGATGTGTATAAGAGACAGTAGGCCTACGGGGCACCAACTGACGCTGAGGCTCGAAAGTGTGGGTAGCAAACAGGATTAGATACCCCAGTAGTCCTGTCTCTTATACACATCTCCGAGC
ASV_143	Bacteria	NA	NA	NA	NA	NA	NA	ASV_143	AGCGTCAGATGTGTATAAGAGACAGATATCCTACGGGGCACCAACTGACGCTGAGGCTCGAAAGTGTGGGTAGCAAACAGGATTAGATACCCTAGTAGTCCTGTCTCTTATACACATCTCCGAGC
ASV_144	Bacteria	NA	NA	NA	NA	NA	NA	ASV_144	AGCGTCAGATGTGTATAAGAGACAGGGTTCCTACGGGGCACCAACTGACGCTGAGGCTCGAAAGTGTGGGTAGCAAACAGGATTAGATACCCTTGTAGTCCTGTCTCTTATACACATCTCCGAGC
ASV_145	Bacteria	NA	NA	NA	NA	NA	NA	ASV_145	TGCAGGCATTTTTTACTGTTAAAAACCTTAATGGTGTGCCGCGCGACTGCTACATGAGGGTGCAGTTGCTTGATGAGCACCAGGCGGTTG
ASV_146	Bacteria	Firmicutes	Clostridia	NA	NA	NA	NA	ASV_146	GTGCAGGAGAGGAAAGCGGAATTACCGGTGTAGCGGTGAAATGCGTAGAGATCGGTAGGAACACCAGTGGCGAAGGCGGCTTTCTGGACTGAAACTGACGCTGAGGCGCGAAAGCGTGGGGAGCAAACAG
ASV_147	Bacteria	NA	NA	NA	NA	NA	NA	ASV_147	AGCGTCAGATGTGTATAAGAGACAGTGGCCCTACGGGGCACCAACTGACGCTGAGGCTCGAAAGTGTGGGTAGCAAACAGGATTAGATACCCCTGTAGTCCTGTCTCTTATACACATCTCCGAGC
ASV_148	Bacteria	Firmicutes	Bacilli	Erysipelotrichales	Erysipelatoclostridiaceae	NA	NA	ASV_148	GTGCGGAAGAGGATCGTGGAATTCCATGTGTAGCGGTGAAATGCGTAGATATATGGAGGAACACCAGTGGCGAAGGCGGCTTACTGGACGGCAACTGACGTTGAGGCTCGAAAGCGTGGGGAGCAAACAG
ASV_149	Bacteria	NA	NA	NA	NA	NA	NA	ASV_149	AGCGTCAGATGTGTATAAGAGACAGATATCCTACGGGGCACCAACTGACGCTGAGGCTCGAAAGTGTGGGTAGCAAACAGGATTAGATACCCCTGTAGTCCTGTCTCTTATACACATCTCCGAGC
ASV_150	Bacteria	NA	NA	NA	NA	NA	NA	ASV_150	AGCGTCAGATGTGTATAAGAGACAGATATCCTACGGGGCACCAACTGACGCTGAGGCTCGAAAGTGTGGGTAGCAAACAGGATTAGATACCCCAGTAGTCCTGTCTCTTATACACATCTCCGAGC
ASV_151	Bacteria	NA	NA	NA	NA	NA	NA	ASV_151	AGCGTCAGATGTGTATAAGAGACAGCGAGCCTACGGGGCACCAACTGACGCTGAGGCTCGAAAGTGTGGGTAGCAAACAGGATTAGATACCCCTGTAGTCCTGTCTCTTATACACATCTCCGAGC
ASV_152	Bacteria	NA	NA	NA	NA	NA	NA	ASV_152	AGCGTCAGATGTGTATAAGAGACAGCGAGCCTACGGGGCACCAACTGACGCTGAGGCTCGAAAGTGTGGGTAGCAAACAGGATTAGATACCCGAGTAGTCCTGTCTCTTATACACATCTCCGAGC
ASV_153	Bacteria	NA	NA	NA	NA	NA	NA	ASV_153	GTGCGGAAGAGGATCGTGGAATTCCATGTGTAGCGGTGAAATGCGTAGATATGACGCAGAACTCCGATTGCGAAGGCAGCATACCAACTCGCGACTGACGCTGAGGCTCGAAAGCGTGGGTATCGAACAG
ASV_154	Bacteria	Actinobacteriota	Actinobacteria	Bifidobacteriales	Bifidobacteriaceae	NA	NA	ASV_154	GTGCGGTAGGGGAGACTGGAATTCCCGGTGTAACGGTGGAATGTGTAGATATCGGGAAGAACACCAATGGCGAAGGCAGGTCTCTGGGCCGTCACTGACGCTGAGGCGCGAAAGCTGGGGGAGCGAACAG
ASV_155	Bacteria	NA	NA	NA	NA	NA	NA	ASV_155	AGCGTCAGATGTGTATAAGAGACAGCGAGCCTACGGGGCACCAACTGACGCTGAGGCTCGAAAGTGTGGGTAGCAAACAGGATTAGATACCCTGGTAGTCCTGTCTCTTATACACATCTCCGAGC
ASV_156	Bacteria	NA	NA	NA	NA	NA	NA	ASV_156	AGCGTCAGATGTGTATAAGAGACAGAAGTCCTACGGGGCACCAACTGACGCTGAGGCTCGAAAGTGTGGGTAGCAAACAGGATTAGATACCCTAGTAGTCCTGTCTCTTATACACATCTCCGAGC
ASV_157	Bacteria	NA	NA	NA	NA	NA	NA	ASV_157	AGCGTCAGATGTGTATAAGAGACAGGGGTCCTACGGGGCACCAACTGACGCTGAGGCTCGAAAGTGTGGGTAGCAAACAGGATTAGATACCCGGGTAGTCCTGTCTCTTATACACATCTCCGAGC
ASV_158	Bacteria	NA	NA	NA	NA	NA	NA	ASV_158	AGCGTCAGATGTGTATAAGAGACAGAGCGCCTACGGGGCACCAACTGACGCTGAGGCTCGAAAGTGTGGGTAGCAAACAGGATTAGATACCCTTGTAGTCCTGTCTCTTATACACATCTCCGAGC
ASV_159	Bacteria	Firmicutes	Negativicutes	Veillonellales-Selenomonadales	Selenomonadaceae	NA	NA	ASV_159	GTGCGGAAGAGGATCGTGGAATTCCATGTGTAGCGGTGAAATGCGTAGATATTGGGAAGAACACCAGTGGCGAAGGCGGCTTTCTGGACTGTAACTGACGCTGAGGCTCGAAAGCTAGGGTAGCGAACGG
ASV_160	Bacteria	Firmicutes	Clostridia	Lachnospirales	Lachnospiraceae	Agathobacter	NA	ASV_160	GTGTCGGAGGGGTAAGCGGAATTCCTAGTGTAGCGGTGAAATGCGTAGATATTAGGAGGAACACCAGTGGCGAAGGCGGCTTACTGGACGATAACTGACGCTGAGGCTCGAAAGCGTGGGGAGCAAACAG
ASV_161	Bacteria	NA	NA	NA	NA	NA	NA	ASV_161	AGCGTCAGATGTGTATAAGAGACAGTAGGCCTACGGGGCACCAACTGACGCTGAGGCTCGAAAGTGTGGGTAGCAAACAGGATTAGATACCCCTGTAGTCCTGTCTCTTATACACATCTCCGAGC
ASV_162	Bacteria	NA	NA	NA	NA	NA	NA	ASV_162	AGCGTCAGATGTGTATAAGAGACAGTAGGCCTACGGGGCACCAACTGACGCTGAGGCTCGAAAGTGTGGGTAGCAAACAGGATTAGATACCCTAGTAGTCCTGTCTCTTATACACATCTCCGAGC
ASV_163	Bacteria	NA	NA	NA	NA	NA	NA	ASV_163	AGCGTCAGATGTGTATAAGAGACAGCAAGCCTACGGGGCACCAACTGACGCTGAGGCTCGAAAGTGTGGGTAGCAAACAGGATTAGATACCCTGGTAGTCCTGTCTCTTATACACATCTCCGAGC
ASV_164	Bacteria	NA	NA	NA	NA	NA	NA	ASV_164	AGCGTCAGATGTGTATAAGAGACAGGGATCCTACGGGGCACCAACTGACGCTGAGGCTCGAAAGTGTGGGTAGCAAACAGGATTAGATACCCTTGTAGTCCTGTCTCTTATACACATCTCCGAGC
ASV_165	Bacteria	NA	NA	NA	NA	NA	NA	ASV_165	AGCGTCAGATGTGTATAAGAGACAGTGTTCCTACGGGGCACCAACTGACGCTGAGGCTCGAAAGTGTGGGTAGCAAACAGGATTAGATACCCCGGTAGTCCTGTCTCTTATACACATCTCCGAGC
ASV_166	Bacteria	NA	NA	NA	NA	NA	NA	ASV_166	AGCGTCAGATGTGTATAAGAGACAGCGAGCCTACGGGGCACCAACTGACGCTGAGGCTCGAAAGTGTGGGTAGCAAACAGGATTAGATACCCTAGTAGTCCTGTCTCTTATACACATCTCCGAGC
ASV_167	Bacteria	Firmicutes	NA	NA	NA	NA	NA	ASV_167	GTGCGGAAGAGGATCGTGGAATTCCATGTGTAGCGGTGAAATGCGTAGATATTCGGAGGAACACCAGTGGCGAAGGCGGCTTGCTGGGCTTTAACTGACGCTGAGGCTCGAAAGTGTGGGGAGCAAACAG
ASV_168	Bacteria	NA	NA	NA	NA	NA	NA	ASV_168	AGCGTCAGATGTGTATAAGAGACAGGTCACCTACGGGGCACCAACTGACGCTGAGGCTCGAAAGTGTGGGTAGCAAACAGGATTAGATACCCCTGTAGTCCTGTCTCTTATACACATCTCCGAGC
ASV_169	Bacteria	NA	NA	NA	NA	NA	NA	ASV_169	AGCGTCAGATGTGTATAAGAGACAGGTCACCTACGGGGCACCAACTGACGCTGAGGCTCGAAAGTGTGGGTAGCAAACAGGATTAGATACCCTTGTAGTCCTGTCTCTTATACACATCTCCGAGC
ASV_170	Bacteria	NA	NA	NA	NA	NA	NA	ASV_170	AGCGTCAGATGTGTATAAGAGACAGTGTTCCTACGGGGCACCAACTGACGCTGAGGCTCGAAAGTGTGGGTAGCAAACAGGATTAGATACCCGTGTAGTCCTGTCTCTTATACACATCTCCGAGC
ASV_171	Bacteria	NA	NA	NA	NA	NA	NA	ASV_171	AGCGTCAGATGTGTATAAGAGACAGGGATCCTACGGGGCACCAACTGACGCTGAGGCTCGAAAGTGTGGGTAGCAAACAGGATTAGATACCCTAGTAGTCCTGTCTCTTATACACATCTCCGAGC
ASV_172	Bacteria	Firmicutes	Clostridia	Lachnospirales	Lachnospiraceae	NA	NA	ASV_172	GTGCGGAAGAGGATCGTGGAATTCCATGTGTAGCGGTGAAATGCGTAGATATTAGGAGGAACACCAGTGGCGAAGGCGGCTTACTGGACAGTAACTGACGTTGAGGCTCGAAAGCGTGGGGAGCAAACAG
ASV_173	Bacteria	NA	NA	NA	NA	NA	NA	ASV_173	AGCGTCAGATGTGTATAAGAGACAGGTTACCTACGGGGCACCAACTGACGCTGAGGCTCGAAAGTGTGGGTAGCAAACAGGATTAGATACCCTAGTAGTCCTGTCTCTTATACACATCTCCGAGC
ASV_174	Bacteria	NA	NA	NA	NA	NA	NA	ASV_174	AGCGTCAGATGTGTATAAGAGACAGAAGTCCTACGGGGCACCAACTGACGCTGAGGCTCGAAAGTGTGGGTAGCAAACAGGATTAGATACCCTTGTAGTCCTGTCTCTTATACACATCTCCGAGC
ASV_175	Bacteria	NA	NA	NA	NA	NA	NA	ASV_175	AGCGTCAGATGTGTATAAGAGACAGAAGTCCTACGGGGCACCAACTGACGCTGAGGCTCGAAAGTGTGGGTAGCAAACAGGATTAGATACCCTGGTAGTCCTGTCTCTTATACACATCTCCGAGC
ASV_176	Bacteria	NA	NA	NA	NA	NA	NA	ASV_176	AGCGTCAGATGTGTATAAGAGACAGGGATCCTACGGGGCACCAACTGACGCTGAGGCTCGAAAGTGTGGGTAGCAAACAGGATTAGATACCCCAGTAGTCCTGTCTCTTATACACATCTCCGAGC
ASV_177	Bacteria	NA	NA	NA	NA	NA	NA	ASV_177	AGCGTCAGATGTGTATAAGAGACAGCGAGCCTACGGGGCACCAACTGACGCTGAGGCTCGAAAGTGTGGGTAGCAAACAGGATTAGATACCCGGGTAGTCCTGTCTCTTATACACATCTCCGAGC
ASV_178	Bacteria	NA	NA	NA	NA	NA	NA	ASV_178	AGCGTCAGATGTGTATAAGAGACAGATATCCTACGGGGCACCAACTGACGCTGAGGCTCGAAAGTGTGGGTAGCAAACAGGATTAGATACCCGTGTAGTCCTGTCTCTTATACACATCTCCGAGC
ASV_179	Bacteria	NA	NA	NA	NA	NA	NA	ASV_179	AGCGTCAGATGTGTATAAGAGACAGGTCACCTACGGGGCACCAACTGACGCTGAGGCTCGAAAGTGTGGGTAGCAAACAGGATTAGATACCCTGGTAGTCCTGTCTCTTATACACATCTCCGAGC
ASV_180	Bacteria	NA	NA	NA	NA	NA	NA	ASV_180	AGCGTCAGATGTGTATAAGAGACAGATATCCTACGGGGCACCAACTGACGCTGAGGCTCGAAAGTGTGGGTAGCAAACAGGATTAGATACCCCGGTAGTCCTGTCTCTTATACACATCTCCGAGC
ASV_181	Bacteria	NA	NA	NA	NA	NA	NA	ASV_181	AGCGTCAGATGTGTATAAGAGACAGGGAGCCTACGGGGCACCAACTGACGCTGAGGCTCGAAAGTGTGGGTAGCAAACAGGATTAGATACCCGGGTAGTCCTGTCTCTTATACACATCTCCGAGC
ASV_182	Bacteria	Firmicutes	Negativicutes	Acidaminococcales	Acidaminococcaceae	NA	NA	ASV_182	GTGCGGAAGAGGATCGTGGAATTCCATGTGTAGCGGTGAAATGCGTAGATATTGGGAGGAACACCAGTGGCGAAGGCGCCTTTCTGGACTGTGTCTGACGCTGAGATGCGAAAGCCAGGGTAGCGAACGG
ASV_183	Bacteria	NA	NA	NA	NA	NA	NA	ASV_183	AGCGTCAGATGTGTATAAGAGACAGCAAGCCTACGGGGCACCAACTGACGCTGAGGCTCGAAAGTGTGGGTAGCAAACAGGATTAGATACCCTAGTAGTCCTGTCTCTTATACACATCTCCGAGC
ASV_184	Bacteria	NA	NA	NA	NA	NA	NA	ASV_184	AGCGTCAGATGTGTATAAGAGACAGTAGGCCTACGGGGCACCAACTGACGCTGAGGCTCGAAAGTGTGGGTAGCAAACAGGATTAGATACCCTGGTAGTCCTGTCTCTTATACACATCTCCGAGC
ASV_185	Bacteria	NA	NA	NA	NA	NA	NA	ASV_185	AGCGTCAGATGTGTATAAGAGACAGAAGTCCTACGGGGCACCAACTGACGCTGAGGCTCGAAAGTGTGGGTAGCAAACAGGATTAGATACCCCTGTAGTCCTGTCTCTTATACACATCTCCGAGC
ASV_186	Bacteria	NA	NA	NA	NA	NA	NA	ASV_186	AGCGTCAGATGTGTATAAGAGACAGCAAGCCTACGGGGCACCAACTGACGCTGAGGCTCGAAAGTGTGGGTAGCAAACAGGATTAGATACCCCTGTAGTCCTGTCTCTTATACACATCTCCGAGC
ASV_187	Bacteria	NA	NA	NA	NA	NA	NA	ASV_187	AGCGTCAGATGTGTATAAGAGACAGAAGTCCTACGGGGCACCAACTGACGCTGAGGCTCGAAAGTGTGGGTAGCAAACAGGATTAGATACCCCAGTAGTCCTGTCTCTTATACACATCTCCGAGC
ASV_188	Bacteria	NA	NA	NA	NA	NA	NA	ASV_188	AGCGTCAGATGTGTATAAGAGACAGGGATCCTACGGGGCACCAACTGACGCTGAGGCTCGAAAGTGTGGGTAGCAAACAGGATTAGATACCCCTGTAGTCCTGTCTCTTATACACATCTCCGAGC
ASV_189	Bacteria	NA	NA	NA	NA	NA	NA	ASV_189	AGCGTCAGATGTGTATAAGAGACAGTGTTCCTACGGGGCACCAACTGACGCTGAGGCTCGAAAGTGTGGGTAGCAAACAGGATTAGATACCCGAGTAGTCCTGTCTCTTATACACATCTCCGAGC
ASV_190	Bacteria	NA	NA	NA	NA	NA	NA	ASV_190	AGCGTCAGATGTGTATAAGAGACAGTGTTCCTACGGGGCACCAACTGACGCTGAGGCTCGAAAGTGTGGGTAGCAAACAGGATTAGATACCCGGGTAGTCCTGTCTCTTATACACATCTCCGAGC
ASV_191	Bacteria	NA	NA	NA	NA	NA	NA	ASV_191	AGCGTCAGATGTGTATAAGAGACAGGTCACCTACGGGGCACCAACTGACGCTGAGGCTCGAAAGTGTGGGTAGCAAACAGGATTAGATACCCTAGTAGTCCTGTCTCTTATACACATCTCCGAGC
ASV_192	Bacteria	NA	NA	NA	NA	NA	NA	ASV_192	AGCGTCAGATGTGTATAAGAGACAGTGCGCCTACGGGGCACCAACTGACGCTGAGGCTCGAAAGTGTGGGTAGCAAACAGGATTAGATACCCGAGTAGTCCTGTCTCTTATACACATCTCCGAGC
ASV_193	Bacteria	NA	NA	NA	NA	NA	NA	ASV_193	AGCGTCAGATGTGTATAAGAGACAGCAAGCCTACGGGGCACCAACTGACGCTGAGGCTCGAAAGTGTGGGTAGCAAACAGGATTAGATACCCTTGTAGTCCTGTCTCTTATACACATCTCCGAGC
ASV_194	Bacteria	NA	NA	NA	NA	NA	NA	ASV_194	AGCGTCAGATGTGTATAAGAGACAGTTTGCCTACGGGGCACCAACTGACGCTGAGGCTCGAAAGTGTGGGTAGCAAACAGGATTAGATACCCGTGTAGTCCTGTCTCTTATACACATCTCCGAGC
ASV_195	Bacteria	NA	NA	NA	NA	NA	NA	ASV_195	AGCGTCAGATGTGTATAAGAGACAGTAGGCCTACGGGGCACCAACTGACGCTGAGGCTCGAAAGTGTGGGTAGCAAACAGGATTAGATACCCGTGTAGTCCTGTCTCTTATACACATCTCCGAGC
ASV_196	Bacteria	NA	NA	NA	NA	NA	NA	ASV_196	AGCGTCAGATGTGTATAAGAGACAGTGGCCCTACGGGGCACCAACTGACGCTGAGGCTCGAAAGTGTGGGTAGCAAACAGGATTAGATACCCGTGTAGTCCTGTCTCTTATACACATCTCCGAGC
ASV_197	Bacteria	Firmicutes	Bacilli	NA	NA	NA	NA	ASV_197	GTGCGGAAGAGGATCGTGGAATTCCATGTGTAGCGGTGAAATGCGTAGATATATGGAGGAACACCAGTGGCGAAGGCGGCTTGCTGGGCTTTAACTGACGCTGAGGCTCGAAAGTGTGGGGAGCAAACAG
ASV_198	Bacteria	NA	NA	NA	NA	NA	NA	ASV_198	AGCGTCAGATGTGTATAAGAGACAGGTTACCTACGGGGCACCAACTGACGCTGAGGCTCGAAAGTGTGGGTAGCAAACAGGATTAGATACCCCTGTAGTCCTGTCTCTTATACACATCTCCGAGC
ASV_199	Bacteria	NA	NA	NA	NA	NA	NA	ASV_199	AGCGTCAGATGTGTATAAGAGACAGGTTACCTACGGGGCACCAACTGACGCTGAGGCTCGAAAGTGTGGGTAGCAAACAGGATTAGATACCCTTGTAGTCCTGTCTCTTATACACATCTCCGAGC
ASV_200	Bacteria	NA	NA	NA	NA	NA	NA	ASV_200	AGCGTCAGATGTGTATAAGAGACAGCAAGCCTACGGGGCACCAACTGACGCTGAGGCTCGAAAGTGTGGGTAGCAAACAGGATTAGATACCCCAGTAGTCCTGTCTCTTATACACATCTCCGAGC
ASV_201	Bacteria	Bacteroidota	Bacteroidia	Bacteroidales	Prevotellaceae	Alloprevotella	NA	ASV_201	GTGCGGAAGAGGATCGTGGAATTCCATGTGTAGCGGTGAAATGCTCAGATATCATGAAGAACTCCGATCGCGAAGGCAGGCATCCGGGGTGCAACTGACGCTGAGGCTCGAAAGTGCGGGTATCAAACAG
ASV_202	Bacteria	Firmicutes	Bacilli	NA	NA	NA	NA	ASV_202	GTGCGGAAGAGGATCGTGGAATTCCATGTGTAGCGGTGAAATGCGTAGATATATGGAGGAACACCAGTGGCGAAGGCGGCCTACTGGGCTTTAACTGACGCTGAGGCTCGAAAGTGTGGGGAGCAAACAG
ASV_203	Bacteria	NA	NA	NA	NA	NA	NA	ASV_203	AGCGTCAGATGTGTATAAGAGACAGGTTACCTACGGGGCACCAACTGACGCTGAGGCTCGAAAGTGTGGGTAGCAAACAGGATTAGATACCCCAGTAGTCCTGTCTCTTATACACATCTCCGAGC
ASV_204	Bacteria	Firmicutes	Bacilli	NA	NA	NA	NA	ASV_204	GTGCGGAAGAGGATCGTGGAATTCCATGTGTAGCGGTGAAATGCGTAGATATATGGAGGAACACCAGTGGCGAAGGCGGCTCACTGGACTGTAACTGACACTGAGGCTCGAAAGCGTGGGGAGCAAACAG
ASV_205	Bacteria	NA	NA	NA	NA	NA	NA	ASV_205	AGCGTCAGATGTGTATAAGAGACAGGGAGCCTACGGGGCACCAACTGACGCTGAGGCTCGAAAGTGTGGGTAGCAAACAGGATTAGATACCCGTGTAGTCCTGTCTCTTATACACATCTCCGAGC
ASV_206	Bacteria	Bacteroidota	Bacteroidia	Bacteroidales	Prevotellaceae	NA	NA	ASV_206	GTGCGGAAGAGGATCGTGGAATTCCATGTGTAGCGGTGAAATGCGTAGATATCACGAAGAACTCCGATTGCGAAGGCAGCTCACGGGAGCGCAACTGACGCTGAAGCTCGAAAGTGCGGGTATCGAACAG
ASV_207	Bacteria	Firmicutes	Clostridia	NA	NA	NA	NA	ASV_207	GTGCGGAAGAGGATCGTGGAATTCCATGTGTAGCGGTGAAATGCGTAGATATTAGGAGGAACACCAGTGGCGAAGGCGGCCTGCTGGACGACAACTGACGCTGAGGCGCGAAAGCGTGGGGAGCAAACAG
ASV_208	Bacteria	Firmicutes	Clostridia	Lachnospirales	Lachnospiraceae	NA	NA	ASV_208	GTGCGGAAGAGGATCGTGGAATTCCATGTGTAGCGGTGAAATGCGTAGATATTAGGAGGAACACCAGTGGCGAAGGCGGCTTACTGGACTGTAACTGACGTTGAGGCTCGAAAGCGTGGGGAGCAAACAG
ASV_209	Bacteria	NA	NA	NA	NA	NA	NA	ASV_209	AGCGTCAGATGTGTATAAGAGACAGAGAACCTACGGGGCACCAACTGACGCTGAGGCTCGAAAGTGTGGGTAGCAAACAGGATTAGATACCCCAGTAGTCCTGTCTCTTATACACATCTCCGAGC
ASV_210	Bacteria	NA	NA	NA	NA	NA	NA	ASV_210	AGCGTCAGATGTGTATAAGAGACAGAGAACCTACGGGGCACCAACTGACGCTGAGGCTCGAAAGTGTGGGTAGCAAACAGGATTAGATACCCCTGTAGTCCTGTCTCTTATACACATCTCCGAGC
ASV_211	Bacteria	Firmicutes	Clostridia	Oscillospirales	Ruminococcaceae	Ruminococcus	NA	ASV_211	AATGCGTAGATATTAGGAGGAACATCAGTGGCGAAGGCGGCTTACTGGGCTTTAACTGACGCTGAGGCTCGAAAGCGTGGGGAGCAAACAG
ASV_212	Bacteria	Proteobacteria	NA	NA	NA	NA	NA	ASV_212	TACTGTCCTCTAGCTTTGTCTGCTTCCAAATCAGTCTCTTTTTTACTTTTTCAAATATTTTTTCTCCAGCCTCATTATTTACTAGCACCAATGAAACGCCCTTGTTATCATCAAACTCAGGAGCTGCT
ASV_213	Bacteria	NA	NA	NA	NA	NA	NA	ASV_213	TGGATATACGTTGCTGTCCTTACCTGATGTCTGTTCTGGCTCGAGACCTTTGTACTTTGTGATAGTAAATACATTAGAGCATGATGCGTAGATACGA
ASV_214	Bacteria	Firmicutes	Bacilli	Erysipelotrichales	Erysipelatoclostridiaceae	NA	NA	ASV_214	GTGCGGAAGAGGATCGTGGAATTCCATGTGTAGCGGTGAAATGCGTAGATATATGGAGGAACACCAGTGGCGAAGGCGGCCTGCTGGACTGTTACTGACACTGAGGCACGAAAGCGTGGGGAGCAAACAG
ASV_215	Bacteria	Firmicutes	Bacilli	Erysipelotrichales	Erysipelatoclostridiaceae	NA	NA	ASV_215	GTGCGGAAGAGGATCGTGGAATTCCATGTGTAGCGGTGAAATGCGTAGATATATGGAGGAACACCAGTGGCGAAGGCGGCCTGCTGGACGACAACTGACGCTGAGGCGCGAAAGCGTGGGGAGCAAACAG
ASV_216	NA	NA	NA	NA	NA	NA	NA	ASV_216	GGTGCTGGTAAACTTCTGTCTGGACGAATACTGCAACATCGGATACATGGAGGGTATTGCCGACGCGCTGAACAGTGTGCGCGGCTTCAACATCGCGTGTCAGGTGGTGGTACAGAGCCTTAGCCAGTGGCA
ASV_217	Bacteria	NA	NA	NA	NA	NA	NA	ASV_217	AGCGTCAGATGTGTATAAGAGACAGGAGACCTACGGGGCACCAACTGACGCTGAGGCTCGAAAGTGTGGGTAGCAAACAGGATTAGATACCCTAGTAGTCCTGTCTCTTATACACATCTCCGAGC
ASV_218	Bacteria	NA	NA	NA	NA	NA	NA	ASV_218	AGCGTCAGATGTGTATAAGAGACAGAGAACCTACGGGGCACCAACTGACGCTGAGGCTCGAAAGTGTGGGTAGCAAACAGGATTAGATACCCTAGTAGTCCTGTCTCTTATACACATCTCCGAGC
ASV_219	Bacteria	NA	NA	NA	NA	NA	NA	ASV_219	CGAGCGTTTGGGTGATAAAGCCATAGGCAGAGCAGATGAGTGCGAGCGCGACGACAACGACAATCTCGCTAGGCGTGCCGGGAAGCGTGAAACCGCCAAAGGTGAAT
ASV_220	Bacteria	Firmicutes	Clostridia	Oscillospirales	Ruminococcaceae	Ruminococcus	NA	ASV_220	GGTAAGCGGAATTCCTAGTGTAGCGGTGAAATGCGTAGATATTAGGAGGAACATCAGTGGCGAAGGCGGCTTACTGGGCTTTAACTGACGCTGAGGCTCGAAAGCGTGGGGAGCAAACAG
ASV_221	Bacteria	Firmicutes	Bacilli	NA	NA	NA	NA	ASV_221	GTGCGGAAGAGGATCGTGGAATTCCATGTGTAGCGGTGAAATGCGTAGATATATGGAGGAACACCAGTGGCGAAGGCGGCTTGCTGGGCTCTAACTGACGCTGAGGCTCGAAAGTGTGGGGAGCAAACAG
ASV_222	Bacteria	Firmicutes	Clostridia	Lachnospirales	Lachnospiraceae	[Eubacterium] hallii group	NA	ASV_222	AGTGTAGCGGTGAAATGCGTAGATATTAGGAGGAACACCAGTGGCGAAGGCGGCCTGCTGGACTGTTACTGACACTGAGGCACGAAAGCGTGGGGAGCAAACAG
ASV_223	Bacteria	Bacteroidota	Bacteroidia	Bacteroidales	Prevotellaceae	NA	NA	ASV_223	GTGCGGAAGAGGATCGTGGAATTCCATGTGTAGCGGTGAAATGCGTAGATATGACGAAGAACCCCGATTGCGAAGGCAGCTGGCGGGAGCGTAACTGACGCTGAAGCTCGAAAGCGCGGGTATCGAACAG
ASV_224	Bacteria	Firmicutes	NA	NA	NA	NA	NA	ASV_224	GTGCGGAAGAGGATCGTGGAATTCCATGTGTAGCGGTGAAATGCGTAGATATTAGGAGGAACACCAGTGGCGAAGGCGGCTTACTGGACTGACAATGACGCTGAGGCTCGAAAGCGTGGGGAGCAAACAG
ASV_225	Bacteria	Bacteroidota	Bacteroidia	Bacteroidales	Prevotellaceae	Prevotella_9	NA	ASV_225	GTGCGGAAGAGGATCGTGGAATTCCATGTGTAGCGGTGAAATGCTTAGATATCACGAAGAACTCCGATTGCGAAGGCAGCTCACGGGAGCGCAACTGACGCTGAAGCTCGAAAGTGCGGGTATCGAACAG
ASV_226	Bacteria	NA	NA	NA	NA	NA	NA	ASV_226	CCAGGAAGCGCCGAACGCCACAAACTCATCAAAGTTTGCAAAGATAATGGCACCGGAAATGAAGTGGCACACAAAGCGCAGCGCAACAGCCAGCGCCGTGCCGCAGCAAATGCCTACATAACCCTTCTTACGGAAAATACCCGCA
ASV_227	Bacteria	Firmicutes	Clostridia	NA	NA	NA	NA	ASV_227	GTGCGGAAGAGGATCGTGGAATTCCATGTGTAGCGGTGAAATGCGTAGATATTAGGAGGAACACCAGTGGCGAAGGCGGCTCACTGGACTGTAACTGACACTGAGGCTCGAAAGCGTGGGGAGCAAACAG
ASV_228	Bacteria	NA	NA	NA	NA	NA	NA	ASV_228	AGCGTCAGATGTGTATAAGAGACAGAGAACCTACGGGGCACCAACTGACGCTGAGGCTCGAAAGTGTGGGTAGCAAACAGGATTAGATACCCTTGTAGTCCTGTCTCTTATACACATCTCCGAGC
ASV_229	Bacteria	Firmicutes	Clostridia	NA	NA	NA	NA	ASV_229	GTGCGGAAGAGGATCGTGGAATTCCATGTGTAGCGGTGAAATGCGTAGATATTAGGAGGAACACCAGTGGCGAAGGCGGCTTACTGGACGACAACTGACGCTGAGGCTCGAAAGCGTGGGGAGCAAACAG
ASV_230	Bacteria	Firmicutes	Clostridia	Oscillospirales	NA	NA	NA	ASV_230	GTGCGGAAGAGGATCGTGGAATTCCATGTGTAGCGGTGAAATGCGTAGATATTAGGAGGAACACCAGTGGCGAAGGCGGCCAACTGGGCTTTTACTGACGCTGAGGCTCGAAAGTGTGGGGAGCAAACAG
ASV_231	NA	NA	NA	NA	NA	NA	NA	ASV_231	CTTTAAGCACCTCGGACTTCATGCGCCGCAGGATGAACGGCCCGGTCAGCTGGTTCAGCCGCCGCAGGGCTTCCTTGTCCTCCTCCTGCACGATGGGCTTTTCAAACCGGGCGCAGAAGGTCTTGTAGGG
ASV_232	Bacteria	Firmicutes	Clostridia	NA	NA	NA	NA	ASV_232	GTGCGGAAGAGGATCGTGGAATTCCATGTGTAGCGGTGAAATGCGTAGATATTAGGAGGAACACCAGTGGCGAAGGCGGCTTTCTGGACTGTAACTGACACTGAGGTACGAAAGCGTGGGGAGCAAACAG
ASV_233	Bacteria	Firmicutes	Bacilli	Lactobacillales	NA	NA	NA	ASV_233	GTGCGGAAGAGGATCGTGGAATTCCATGTGTAGCGGTGAAATGCGTAGATATATGGAGGAACACCAGTGGCGAAGGCGGCTCTCTGGTCTGTAACTGACGCTGAGGCTCGAAAGCGTGGGGAGCAAACAG
ASV_234	Bacteria	Firmicutes	NA	NA	NA	NA	NA	ASV_234	GTGCGGAAGAGGATCGTGGAATTCCATGTGTAGCGGTGAAATGCGTAGATATTAGGAGGAACACCAGTGGCGAAGGCGGCTTTCTGGACTGAAACTGACACTGAGGCACGAAAGCGTGGGGAGCAAACAG
ASV_235	Bacteria	Firmicutes	Clostridia	Lachnospirales	Lachnospiraceae	Anaerostipes	NA	ASV_235	AATGCGTAGATATTAGGAGGAACATCAGTGGCGAAGGCGGCTTACTGGACTGAAACTGACACTGAGGCACGAAAGCGTGGGGAGCAAACAG
ASV_236	Bacteria	Firmicutes	Clostridia	Oscillospirales	Ruminococcaceae	NA	NA	ASV_236	GTGAAATGCGTAGAGATGGGGAGGAACACCAGTGGCGAAGGCGGCCTGCTGGGCTTTAACTGACGCTGAGGCACGAAAGCGTGGGTAGCAAACAG
ASV_237	Bacteria	NA	NA	NA	NA	NA	NA	ASV_237	GTCAGTTTTATCATCTGATATGCCGCAGATGTTGGATTCATTGGTATGATACTGTTTAAAGTTTTGCCGGCTGTAGATATTCTGGTCGGTATTATGTGTGTTGG
ASV_238	Bacteria	Firmicutes	Bacilli	Erysipelotrichales	Erysipelotrichaceae	Holdemanella	NA	ASV_238	GTGCGGAAGAGGACGGCGGAACTCCATGTGTAGCGGTAAAATGCGTAGATATATGGAAGAACACCGGTGGCGAAGGCGGCCGTCTGGTCTGTTGCTGACACTGAAGCACGAAAGCGTGGGGAGCAAATAG
ASV_239	Bacteria	Actinobacteriota	Coriobacteriia	Coriobacteriales	Coriobacteriaceae	Collinsella	NA	ASV_239	CCGGTAGGGGAGGGTGGAACACCCGGTGTAGCGGTGGAATGCGCAGATATCGGGTGGAACACCGGTGGCGAAGGCGGCCCTCTGGGCCGAGACCGACGCTGAGGCGCGAAAGCTGGGGGAGCGAACAG
ASV_240	Bacteria	Bacteroidota	Bacteroidia	Bacteroidales	NA	NA	NA	ASV_240	GTGCGGAAGAGGATCGTGGAATTCCATGTGTAGCGGTGAAATGCGTAGATATCACGAAGAACTCCGATTGCGAAGGCAGCTCACTGGAGTGTAACTGACGCTGATGCTCGAAAGTGTGGGTATCAAACAG
ASV_241	Bacteria	Firmicutes	Clostridia	Oscillospirales	NA	NA	NA	ASV_241	GTGCGGAAGAGGATCGTGGAATTCCATGTGTAGCGGTGAAATGCGTAGATATTAGGAGGAACACCAGTGGCGAAGGCGGATTGCTGGACGATAACTGACGGTGAGGCGCGAAAGTGTGGGGAGCAAACAG
ASV_242	Bacteria	Firmicutes	Clostridia	Oscillospirales	Butyricicoccaceae	Butyricicoccus	NA	ASV_242	GTGAAATGCGTAGATATACGGAGGAACACCAGTGGCGAAGGCGGCCTGCTGGACATTAACTGACGCTGAGGCGCGAAAGCGTGGGGAGCAAACAG
ASV_243	Bacteria	Firmicutes	Bacilli	Erysipelotrichales	Erysipelotrichaceae	Holdemanella	NA	ASV_243	GTGCGGAAGAGGACGGCGGAACTCCATGTGTAGCGGTAAAATGCGTAGATATATGGAAGAACACCGGTGGCGAAGGCGGCCGTCTGGTCTGGATTCTGACACTGAAGCACGAAAGCGTGGGGAGCAAATAG
ASV_244	Bacteria	NA	NA	NA	NA	NA	NA	ASV_244	ACTGTCGTAAGACGCTCATCCCAGTATATGACCTCAAGACCTGTGCGCCTTGCAAGCATATCACCGAACTCCTTCGTCTTCTCGCAGCGTTCTCCTTCCGTATTATTCATGTT
ASV_245	Bacteria	Bacteroidota	Bacteroidia	Bacteroidales	Bacteroidaceae	Bacteroides	NA	ASV_245	GTGCAGTTGAGGCAGGCGGAATTCGTGGTGTAGCGGTGAAATGCTTAGATATCACGAAGAACTCCGATTGCGAAGGCAGCCTGCTAAGCTGCAACTGACATTGAGGCTCGAAAGTGTGGGTATCAAACAG
ASV_246	Bacteria	NA	NA	NA	NA	NA	NA	ASV_246	ACTGCTGCGGAAGTTCAATCGTGATACCGTCAATATGTACCTTTCCACCCTGGATGTATGCCGTAGCAACTGGCACACCGTTTATCTTTTCGCCTACCTCTGCAACTTGTGTATCGGGAATTAACTTTA
ASV_247	Bacteria	NA	NA	NA	NA	NA	NA	ASV_247	TGGATATACGTTGCTGTCCTTACCTGATGTCTGTTCTGGCTCGAGACCTTTGTACTTTGTGATGGTAAACACGTTAGAGCATGAGGCGTAGATACGA
ASV_248	Bacteria	Firmicutes	Clostridia	Oscillospirales	Oscillospiraceae	NA	NA	ASV_248	GTGCGGAAGAGGATCGTGGAATTCCATGTGTAGCGGTGAAATGCGTAGATATTAGGAGGAACACCAGTGGCGAAGGCGGATTGCTGGACAGCAACTGACGGTGAGGCGCGAAAGTGTGGGGAGCAAACAG
ASV_249	NA	NA	NA	NA	NA	NA	NA	ASV_249	GGTGCTGGTAAACTTCTGCCTGGACGAATACTGCAACATCGGCTACATGGAGGGCATTGCCGACGCGCTGAACAGTGTGCGCGGCTTCAACATTGCGTGTCAGGTGGTGGTGCAGAGCCTCAGCCAGTGGCA
ASV_250	Bacteria	Firmicutes	NA	NA	NA	NA	NA	ASV_250	GTGCGGAAGAGGATCGTGGAATTCCATGTGTAGCGGTGAAATGCGTAGATATCGGGAGGAACACCAGTGGCGAAGGCGGCCTACTGGGCTTTAACTGACGCTGAGGCACGAAAGTGTGGGTAGCAAACAG
ASV_251	Bacteria	Bacteroidota	Bacteroidia	Bacteroidales	Bacteroidaceae	Bacteroides	NA	ASV_251	GTGCGGAAGAGGATCGTGGAATTCCATGTGTAGCGGTGAAATGCTTAGATATCACGAAGAACTCCGATTGCGAAGGCAGCTTACTAACCTGTAACTGACATTGATGCTCGAAAGTGTGGGTATCAAACAG
ASV_252	Bacteria	NA	NA	NA	NA	NA	NA	ASV_252	CTGCGTATTTCTCAGGGCGGACGGTCACGGCACGCCGGAGCTGCTGAACGCCATACTCGAGGTCTTCCCTCTGGACAGCTACACG
ASV_253	Bacteria	NA	NA	NA	NA	NA	NA	ASV_253	GCTCTGGCGCGGGCGCAGCTAAGGGTGCTGGCGTTGCAGCTGGTGCGGATGCGGGCATGGGCGCCTGCTGCCGGTAGGTCGGCTGTGGATAGCCCTGCTGAGGGTAGAACCCCTGTTGGACCTGTGGCTGCACTGGCTGATAGTA
ASV_254	Bacteria	Bacteroidota	Bacteroidia	Bacteroidales	Prevotellaceae	NA	NA	ASV_254	GTGCACGCAACGCAGGCGGAATTCGTGGTGTAGCGGTGAAATGCTTAGATATCACGAAGAACTCCGATTGCGAAGGCAGCTTGCGGGAGTGCGACTGACGCTGAAGCTCGAAGGTGCGGGTATCGAACAG
ASV_255	Bacteria	Bacteroidota	Bacteroidia	Bacteroidales	Bacteroidaceae	Bacteroides	NA	ASV_255	GTGCGGAAGAGGATCGTGGAATTCCATGTGTAGCGGTGAAATGCGTAGATATCACGAAGAACTCCGATTGCGAAGGCAGCACACTAATCCGTAACTGACGTTCATGCTCGAAAGTGTGGGTATCAAACAG
ASV_256	Bacteria	Actinobacteriota	Actinobacteria	Bifidobacteriales	Bifidobacteriaceae	NA	NA	ASV_256	GTGCGGTAGGGGAGACTGGAATTCCCGGTGTAACGGTGGAATGTGTAGATATCGGGAAGAACACCAATGGCGAAGGCAGGTCTCTGGGCCGAGACCGACGCTGAGGCGCGAAAGCTGGGGGAGCGAACAG
ASV_257	Bacteria	Firmicutes	Clostridia	Oscillospirales	Oscillospiraceae	UCG-002	NA	ASV_257	AATGCGTAGATATTAGGAGGAACACCAGTGGCGAAGGCGGATTGCTGGACGACAACTGACGGTGAGGCGCGAAAGCGTGGGGAGCAAACAG
ASV_258	Bacteria	NA	NA	NA	NA	NA	NA	ASV_258	GTGCGGAAGAGGATCGTGGAATTCCATGTGTAGCGGTGAAATGCGTAGATATCACTCAGAACACCGATTGCGAAGGCATCTGGCGAATCCGTAACTGACGCTGAGGCACGAAAGCGTGGGGATAGAACAG
ASV_259	Bacteria	Bacteroidota	Bacteroidia	NA	NA	NA	NA	ASV_259	GTGCGGAAGAGGATCGTGGAATTCCATGTGTAGCGGTGAAATGCGTAGATATCACTCAGAACACCGATTGCGAAGGCATCTCACGAAGGGGCGATTGACGCTGAGGCACGAAAGCGTGGGGATCGAACAG
ASV_260	Bacteria	NA	NA	NA	NA	NA	NA	ASV_260	CTGCGGGCGGCGCGGTGGTCTACGATAATGGCAAGTTCCTGTACAGCCATCACGCAACTGACCCGTGCAGCAGCAAGCTGGTGAACGCATTCGATCTGGTACGCTTGCACAAGTTTGGCGATCAGGACGATAACGCCG
ASV_261	Bacteria	Firmicutes	Clostridia	Oscillospirales	[Eubacterium] coprostanoligenes group	NA	NA	ASV_261	GTGCGGAAGAGGATCGTGGAATTCCATGTGTAGCGGTGAAATGCGTAGATATTCGGAGGAACACCAGTGGCGAAGGCGGCTTGCTGGGCTCTAACTGACGCTGAGGCTCGAAAGTGTGGGGAGCAAACAG
ASV_262	Bacteria	Actinobacteriota	Actinobacteria	Bifidobacteriales	Bifidobacteriaceae	NA	NA	ASV_262	GTGCGGTAGGGGAGACTGGAATTCCCGGTGTAACGGTGGAATGTGTAGATATCGGGAAGAACACCAATGGCGAAGGCAGGTCTCTGGGCCGTTACTGACGCTGAAGCTCGAAAGTGCGGGTATCGAACAG
ASV_263	Bacteria	NA	NA	NA	NA	NA	NA	ASV_263	CGGTGTGTTCCCGTTGAAGAAAATGATCACCAGCCCTTCCGTATCCAAAGTGAAGCACGTGATGAGGAAAGAACCGATATCCGTCC
ASV_264	NA	NA	NA	NA	NA	NA	NA	ASV_264	GGCAGACAAACAGATACTTTTTGTTGGATGCCAATGCGCTGGCATACATATTGGGCTGGTAATCCAGTTGCTTCAATATTTCTTCCACCCGTTTCCGGCTGG
ASV_265	NA	NA	NA	NA	NA	NA	NA	ASV_265	GCTGCATATTGGCAGCGTACAGCCCACCTACGACCGCGGTGTGACTGCTGCAGACTTAGGCGCACTGCTGCCCGGGGAGCTGGCAG
ASV_266	Bacteria	Firmicutes	Bacilli	NA	NA	NA	NA	ASV_266	GTGCGGAAGAGGATCGTGGAATTCCATGTGTAGCGGTGAAATGCGTAGATATTAGGAGGAACACCAGTGGCGAAGGCGGCTTTCTGGACGACAACTGACGCTGAGGCGCGAAAGTGTGGGGAGCAAACAG
ASV_267	Bacteria	Actinobacteriota	Coriobacteriia	Coriobacteriales	Eggerthellaceae	Slackia	isoflavoniconvertens	ASV_267	GGAGGCGGAATTCCCGGTGTAGCGGTGAAATGCGCAGATATCGGGAAGAACACCGACGGCGAAGGCAGCCTCCTGGGCCGGCATCGACGCTGAGGCGCGAAAGCTGGGGGAGCGAACAG
ASV_268	Bacteria	Bacteroidota	Bacteroidia	Bacteroidales	Bacteroidaceae	Bacteroides	NA	ASV_268	GTGCGGAAGAGGATCGTGGAATTCCATGTGTAGCGGTGAAATGCGTAGATATCACGAAGAACTCCGATTGCGAAGGCAGCTTACTGGATTGTAACTGACGCTGATGCTCGAAAGTGTGGGTATCAAACAG
ASV_269	Bacteria	Firmicutes	NA	NA	NA	NA	NA	ASV_269	GTGCGGAAGAGGATCGTGGAATTCCATGTGTAGCGGTGAAATGCGTAGATATTAGGAAGAACACCAGTGGCGAAGGCGGCTTGCTGGACAGTAACTGACGTTCAGGCTCGAAAGCGTGGGGAGCAAACAG
ASV_270	NA	NA	NA	NA	NA	NA	NA	ASV_270	GGTACTGGTAAACTTCTGTCTGGACGAATACTGCAACATCGGCTACATGGAGGGTATTGCCGACGCGCTGAACAGTGTGCGCGGCTTCAATATCGCGTGTCAGGTGGTGGTACAGAGCCTTAGCCAGTGGCA
ASV_271	Bacteria	Bacteroidota	Bacteroidia	Bacteroidales	Bacteroidaceae	Bacteroides	NA	ASV_271	GTGCGGAAGAGGATCGTGGAATTCCATGTGTAGCGGTGAAATGCGTAGATATCACGAAGAACTCCGATTGCGAAGGCAGCTCACTAGACTGTCACTGACACTGATGCTCGAAAGTGTGGGTATCAAACAG
ASV_272	Bacteria	NA	NA	NA	NA	NA	NA	ASV_272	ACACCGCTTCCCGAATCTGGTCTGCGAAAAGATTTCCGGCTACTACAAGCAGGTGGTGAAATTGCCGCCGGAAAATGTTGTTTTAAAAACGGACTATGAACATCTGGAAGAATTTGACCGTGTGTTTATCGCCAAAGTTT
ASV_273	Bacteria	NA	NA	NA	NA	NA	NA	ASV_273	CGGCACGCAGACGGAACTCCTCCGTGTATCGCTTGCGATGGTCCGGCATTTGCAGCGCCGCGCGCCGGAACCGGGGCGGCAGCAGCGCCGCCGCCTCCTCGCAGCGCGCAATGGCCCTGGCTTCGTTCATGCGCTCTCCCCCTTGTC
ASV_274	Bacteria	Firmicutes	Clostridia	Lachnospirales	Lachnospiraceae	NA	NA	ASV_274	GTACAGGAGAGGTAAGTGGAATTCCTAGTGTAGCGGTGAAATGCGTAGATATTAGGAGGAACACCAGTGGCGAAGGCGACTTACTGGACTGCTACTGACACTGAGGCACGAAAGCGTGGGGAGCAAACAG
ASV_275	Bacteria	Bacteroidota	Bacteroidia	Bacteroidales	NA	NA	NA	ASV_275	GTGCGGAAGAGGATCGTGGAATTCCATGTGTAGCGGTGAAATGCGTAGATATCACGAAGAACTCCGATTGCGAAGGCAGCTCACTGGGGCGCAACTGACGCTGAAGCTCGAAAGCGCGGGTATCGAACAG
ASV_276	Bacteria	Firmicutes	Clostridia	Lachnospirales	Lachnospiraceae	NA	NA	ASV_276	GTGCAGGAGAGGTAAGTGGAATTCCTAGTGTAGCGGTGAAATGCGTAGATATTAGGAGGAACACCGGTGGCGAAGGCGGCTTACTGGACTGTAACTGACACTGAGGCTCGAAAGCGTGGGGAGCAAACAG
ASV_277	NA	NA	NA	NA	NA	NA	NA	ASV_277	CCAAAGATGAGCGGGATGTAACGGCAGGGGTGATTGCAAAACTTGGGTCCGTACGCATCCATGGAGTCTCCGTTGCGCCGGGAAAACCGTTAATTATCGGAACGG
ASV_278	Bacteria	NA	NA	NA	NA	NA	NA	ASV_278	GGCAGAGTACCATATTGCCGGCAGGAACGATCGTCTCATTCTCAGCCTTATCAAAATGAAAATGTCCAAGCCCGGATGCGATATAGA
ASV_279	Bacteria	Proteobacteria	NA	NA	NA	NA	NA	ASV_279	TACTATCCTCCAGCTTTGTCTGCTTCCAAATCAGCCCTTCTTTTACTTTTTCAAAGGCTTTTTCACCAGCTTCATTATTTACCAGCACCAGTGAAACACCTTTGTTATCATCAAACTCTGGTGCGGCT
ASV_280	Bacteria	NA	NA	NA	NA	NA	NA	ASV_280	GAGCATCTCCTTGGCGGCCTCTCGCCCCTGCCCAAGACGCTCGCCTTCGTAGGTATACCAAGCACCAGACTTATTAATGACGTTCTTCTCGACGCCAAGGTCAAGAATCGAGCCCTCC
ASV_281	Bacteria	NA	NA	NA	NA	NA	NA	ASV_281	AACTGCTGTCCCTCGCAGCCAGCATCCGTTTCTGGATATGCAGGCTCTCGCCATAGCGTCCCATTTTAGTCAGTATGTCACACAGACT
ASV_282	Bacteria	Firmicutes	Negativicutes	Veillonellales-Selenomonadales	Selenomonadaceae	Megamonas	NA	ASV_282	GTGCAGGAGAGGAAAGCGGAATTCCCAGTGTAGCGGTGAAATGCGTAGATATTGGGAAGAACACCAGTGGCGAAGGCGGCTTTCTGGACTGTAACTGACGCTGAGGCTCGAAAGCTAGGGTAGCGAACGG
ASV_283	Bacteria	NA	NA	NA	NA	NA	NA	ASV_283	GAAATCTTCTGTTCCCTGTGGTATGTGCAATAATGACAGGCTTTGTGCCGGAAAGTTTGTCGAGTGGCGTTATTATAATCCGGTGATCGATAAATACATGATGT
ASV_284	Bacteria	Firmicutes	NA	NA	NA	NA	NA	ASV_284	GTGCGGAAGAGGATCGTGGAATTCCATGTGTAGCGGTGAAATGCGTAGATATTAGGAGGAACACCAGTGGCGAAGGCGGCTTTCTGGACTGTAACTGACGCTGAGGCTCGAAAGCGTGGGGAGCGAACAG
ASV_285	NA	NA	NA	NA	NA	NA	NA	ASV_285	CTTTGAGCACCTCGGACTTCATGCGCCGCAGGATGAACGGCCCGGTCAGCTGGTTCAGCCGCCGCAGGGCATCCTTGTCCTCCTCCTGCACGATGGGCTTTTCAAACCGGGCGCAGAAGGCCTTGTAGGG
ASV_286	Bacteria	Bacteroidota	Bacteroidia	Bacteroidales	NA	NA	NA	ASV_286	GTGCGGAAGAGGATCGTGGAATTCCATGTGTAGCGGTGAAATGCGTAGATATCACGAAGAACTCCGATTGCGAAGGCAGCTTGCTGGACTGTAACTGACGCTGATGCTCGAAAGTGTGGGTATCAAACAG
ASV_287	Bacteria	Bacteroidota	Bacteroidia	Bacteroidales	Muribaculaceae	NA	NA	ASV_287	GTTCGAGTGAGGTATGCGGAATGCGTTGTGTAGCGGTGAAATGCATAGATATGACGCAGAACTCCGATTGCGAAGGCAGCATACCAACTCGCGACTGACGCTGAGGCTCGAAAGCGTGGGTATCGAACAG
ASV_288	Bacteria	NA	NA	NA	NA	NA	NA	ASV_288	GAGCATCTCCTTGGCGGCCTCTCGCCCCTGCCCAAGACGCTCGCCTTCGTAGGTATACCAGGCACCAGACTTATTAATGACGTTCTTCTCGACGCCAAGGTCAAGAATCGAGCCTTCC
ASV_289	Bacteria	NA	NA	NA	NA	NA	NA	ASV_289	GCTGGGGGCGCAGGGGCTATACAACATCTCCACCCGGACGAGCAGCCCCAAACCCGGCGACTTGGTATTCTTCACGGGGACTTACG
ASV_290	Bacteria	NA	NA	NA	NA	NA	NA	ASV_290	TGATCATAGAGCGCCTGCAGCTTGGCCTTGGTGGCCTCGGTCACGGGCGTAGTGGCCTTCTTGATGTTGTCGGCGGTCGCCTGGAACGTGTACGAGCT
ASV_291	NA	NA	NA	NA	NA	NA	NA	ASV_291	CCGGCAGATACCCCGTGCGGCGGCGGGCTTCCAGCGGCTGGGTCAGCACGTCATAGCCACAGATGGAGATGTCGCCGCCCGACTG
ASV_292	Bacteria	NA	NA	NA	NA	NA	NA	ASV_292	TCCCCAGTTTGAGCATCCGGGCGATTTCGACGACGTTCATTCCCGGTTCCAGTACGTAGTGCCCCGGTTTGAAGGAGCGCTCCAGCTCCAGACGGCCGGCATACCGGTCAAAAGCCCAGTGATGGTCCGTACGGGGACGCAGAGAG
ASV_293	Bacteria	NA	NA	NA	NA	NA	NA	ASV_293	TGAGGGGATCACCGTAGATGTGGCGCTGGTTCGCTGTGTCGGCGAGTTCCTCAAGCGTGCCGATGCCGCCGGGAAGTATGAGAAAGGCGTCTCCGAGAGAGATCATCTTCTGCTTGCGGATGGTCATGTCCTTCACTTCGATGAGC
ASV_294	Bacteria	Bacteroidota	Bacteroidia	Bacteroidales	NA	NA	NA	ASV_294	GTGCGGAAGAGGATCGTGGAATTCCATGTGTAGCGGTGAAATGCGTAGATATCACGAAGAACTCCGATTGCGAAGGCAGCCTGCTGGACTGTAACTGACGCTGATGCTCGAAAGTGTGGGTATCAAACAG
ASV_295	Bacteria	NA	NA	NA	NA	NA	NA	ASV_295	TATTGTCCCACGAACATTTTCAGGGCGGCCACCACACCTTCCCCATGGAAAAGGCGGAGAAGGAGTTTGGCTTCGAGGTTCCCGGCTTTGACGACGTGGACTGCTGCGT
ASV_296	Bacteria	Bacteroidota	Bacteroidia	Bacteroidales	Bacteroidaceae	Bacteroides	NA	ASV_296	GTGCGGAAGAGGATCGTGGAATTCCATGTGTAGCGGTGAAATGCGTAGATATCACGAAGAACTCCGATTGCGAAGGCAGCTCACTGGACTGCAACTGACACTGATGCTCGAAAGTGTGGGTATCAAACAG
ASV_297	Bacteria	Bacteroidota	Bacteroidia	Bacteroidales	Prevotellaceae	Prevotella_9	NA	ASV_297	GTGCGGAAGAGGATCGTGGAATTCGTGGTGTAGCGGTGAAATGCTTAGATATCACGAAGAACTCCGATTGCGAAGGCAGCTCACTGGAGCGCAACTGACGCTGAAGCTCGAAAGTGCGGGTATCGAACAG
ASV_298	Bacteria	NA	NA	NA	NA	NA	NA	ASV_298	CATCGGGGCCATACCGGCACCGCCGCCGATGAAGATCAGCTCCTGCGTGTCGGGCAGGTTGTCCGGCAGGAAGAACTCGCCGTAGGGGCCCGAGATCGTCACCTTGTCGCCCGGCTTGCGGGAGAAGATGTACGAC
ASV_299	Bacteria	NA	NA	NA	NA	NA	NA	ASV_299	CCCGCAGCACCTCGGACTTCATGCGCCGCAGGATGAAGGGGCCGGTGAACTGGTTCAGCCGCCGCACGGCGTTGGCATCCTCGTCCTGCACGATGGGCTTTTCAAACCGGGCGCAGAAGGTCTTGTAGGG
ASV_300	Bacteria	NA	NA	NA	NA	NA	NA	ASV_300	TGCAATGTGGGTTAAAATCACGAGACAGAATTGTAGATGCTGGCTCAAAGTCCCATTTAACACCTTCAGGTTGCCCGCCAATCA
ASV_301	NA	NA	NA	NA	NA	NA	NA	ASV_301	GTGGAGCAGCCGTTGGACATATTTGCCGGACGGTGTGTCGCCGTGCCGAGCGACGTATTCTTGCATTGGCTGAAGAATGTG
ASV_302	NA	NA	NA	NA	NA	NA	NA	ASV_302	CTGTACGGGGCGGCCGTTGTTTTTGCTGTCCCAACATTTTTCAGATGAAAGGGACCTATGCGTATGACAGGAGAGCACAGGAGGTGCCGCTAATGCTGCGGCAACAAGCCGCGCCGGGAGCATAGC
ASV_303	Bacteria	Bacteroidota	Bacteroidia	Bacteroidales	Bacteroidaceae	Bacteroides	NA	ASV_303	GTGCGGAAGAGGATCGTGGAATTCCATGTGTAGCGGTGAAATGCTTAGATATCACGAAGAACTCCGATTGCGAAGGCAGCTCACTGGACTGCAACTGACACTGATGCTCGAAAGTGTGGGTATCAAACAG
ASV_304	Bacteria	Actinobacteriota	Coriobacteriia	Coriobacteriales	Coriobacteriaceae	Collinsella	NA	ASV_304	ATCGGGTGGAACACCGGTGGCGAAGGCGGCCCTCTGGGCCGAGACCGACGCTGAGGCGCGAAAGCTGGGGGAGCGAACAGGATTAGATACCCGA
ASV_305	Bacteria	NA	NA	NA	NA	NA	NA	ASV_305	ATATCATTTGCCTCATCGTATAAGGCATTGGCACGGTCTTTGACCAGATAATCACGGGTTATACCGGAAGAAAAAGTGGCAATGGTAAGTACGCTTAAAAGGCCGAA
ASV_306	Bacteria	NA	NA	NA	NA	NA	NA	ASV_306	GTGCATGGGGAAAAGAGCCACCCTCATATTCATGTGGTGTTCTGGGACAAGTCTGTAAGAGTGAAGAATCCGTTTACACCG
ASV_307	Bacteria	NA	NA	NA	NA	NA	NA	ASV_307	TATGCACCAATATATTTCTTGATGCGGTAGAAATACATCTTTTCAGCCAAAATAGCTTTCGGATTTCCGGCAGCAACAGCGGCTTCCAGTTCGCGCATATCGCTGGATACACCTGAAACGCCTAATACACCACTTTTCTTGTTTAGTA
ASV_308	Bacteria	Bacteroidota	Bacteroidia	Bacteroidales	Bacteroidaceae	Bacteroides	NA	ASV_308	GTGCGGAAGAGGATCGTGGAATTCCATGTGTAGCGGTGAAATGCTTAGATATCACGAAGAACTCCGATTGCGAAGGCAGCTCACTGGAGTGTAACTGACGCTGATGCTCGAAAGTGTGGGTATCAAACAG
ASV_309	Bacteria	Actinobacteriota	Coriobacteriia	Coriobacteriales	Atopobiaceae	Libanicoccus	massiliensis	ASV_309	TGGCAGGGGAGGGTGGAATACCCGGTGTAGCGGTGGAATGCGCAGATATCGGGTAGAACACCGGTGGCGAAGGCGGCCCTCTGGGCCACGACTGACGCTGAGGCGCGAAAGCTGGGGGAGCGAACAG
ASV_310	Bacteria	Firmicutes	Clostridia	Lachnospirales	Lachnospiraceae	NA	NA	ASV_310	GTGCGGAAGAGGATCGTGGAATTCCATGTGTAGCGGTGAAATGCGTAGATATTAGGAGGAACACCAGTGGCGAAGGCGGCTTACTGGACGATCACTGACGTTGAGGCTCGAAAGCGTGGGGAGCAAACAG
ASV_311	Bacteria	Firmicutes	Bacilli	NA	NA	NA	NA	ASV_311	GTGCGGAAGAGGATCGTGGAATTCCATGTGTAGCGGTGAAATGCGTAGATATTAGGAGGAACACCAGTGGCGAAGGCGGCTTACTGGGCTTTAACTGACGCTGAGGCTCGAAAGCGTGGGTAGCAAACAG
ASV_312	Bacteria	Firmicutes	Clostridia	NA	NA	NA	NA	ASV_312	GTGCGGAAGAGGATCGTGGAATTCCATGTGTAGCGGTGAAATGCGTAGATATTAGGAGGAACACCAGTGGCGAAGGCGGCTTTCTGGACTGTTACTGACACTGAGGCACGAAAGTGTGGGGAGCAAACAG
ASV_313	Bacteria	Firmicutes	Clostridia	Oscillospirales	NA	NA	NA	ASV_313	GTGCGGAAGAGGATCGTGGAATTCCATGTGTAGCGGTGAAATGCGTAGATATTAGGAGGAACACCAGTGGCGAAGGCGGCTTGCTGGGCTTTTACTGACGCTGAGGCTCGAAAGTGTGGGGAGCAAACAG
ASV_314	Bacteria	Firmicutes	Clostridia	Oscillospirales	Ruminococcaceae	NA	NA	ASV_314	GTGCGGAAGAGGATCGTGGAATTCCATGTGTAGCGGTGAAATGCGTAGATATCGGGAGGAACACCAGTGGCGAAGGCGGCCTACTGGGCTTTAACTGACGCTGAAGCACGAAAGCATGGGTAGCAAACAG
ASV_315	Bacteria	Bacteroidota	Bacteroidia	Bacteroidales	Bacteroidaceae	Bacteroides	NA	ASV_315	GTGCGGAAGAGGATCGTGGAATTCCATGTGTAGCGGTGAAATGCGTAGATATCACGAAGAACTCCGATTGCGAAGGCAGCTCACTAGACTGTTACTGACACTGATGCTCGAAAGTGTGGGTATCAAACAG
ASV_316	Bacteria	Firmicutes	Negativicutes	Veillonellales-Selenomonadales	Selenomonadaceae	NA	NA	ASV_316	GTGCGGAAGAGGATCGTGGAATTCCATGTGTAGCGGTGAAATGCGTAGATATTAGGAGGAACACCAGTGGCGAAGGCGGCTTTCTGGACTGTAACTGACACTGAGGCTCGAAAGCCAGGGGAGCGAACGG
ASV_317	Bacteria	Firmicutes	NA	NA	NA	NA	NA	ASV_317	GTGCGGAAGAGGATCGTGGAATTCCATGTGTAGCGGTGAAATGCGTAGATATTAGGAGGAACACCAGTGGCGAAGGCGGCTTGTTGGACGATGACTGACGTTGAGGCTCGAAAGCGTGGGGAGCAAACAG
ASV_318	Bacteria	Firmicutes	Clostridia	Oscillospirales	Ruminococcaceae	NA	NA	ASV_318	ATCGGGAGGAACACCAGTGGCGAAGGCGGCCTACTGGGCACCAACTGACGCTGAGGCTCGAAAGTGTGGGTAGCAAACAGGATTAGATACCCTAGTAGTCCTGTCTCTTATACACATCTCCGAGC
ASV_319	Bacteria	Bacteroidota	Bacteroidia	Bacteroidales	Bacteroidaceae	Bacteroides	NA	ASV_319	GTGCGGAAGAGGATCGTGGAATTCCATGTGTAGCGGTGAAATGCTTAGATATCACGAAGAACTCCGATTGCGAAGGCAGCCTGCTGGACTGTAACTGACGCTGATGCTCGAAAGTGTGGGTATCAAACAG
ASV_320	Bacteria	Firmicutes	Bacilli	Erysipelotrichales	NA	NA	NA	ASV_320	GTGCGGAAGAGGATCGTGGAATTCCATGTGTAGCGGTGAAATGCGTAGATATATGGAGGAACACCAGTGGCGAAGGCGGCTTCCTGGTCTGTAACTGACACTGAGGCGCGAAAGCGTGGGGAGCAAACAG
ASV_321	Bacteria	Firmicutes	NA	NA	NA	NA	NA	ASV_321	GTGCGGAAGAGGATCGTGGAATTCCATGTGTAGCGGTGAAATGCGTAGATATCGGGAGGAACACCAGTGGCGAAGGCGGCTCTCTGGACTGTAACTGACACTGAGGCACGAAAGCGTGGGGAGCAAACAG
ASV_322	Bacteria	Firmicutes	Clostridia	Oscillospirales	Ruminococcaceae	NA	NA	ASV_322	ATCGGGAGGAACACCAGTGGCGAAGGCGGCCTACTGGGCACCAACTGACGCTGAGGCTCGAAAGTGTGGGTAGCAAACAGGATTAGATACCCCGGTAGTCCTGTCTCTTATACACATCTCCGAGC
ASV_323	Bacteria	Firmicutes	NA	NA	NA	NA	NA	ASV_323	GTGCGGAAGAGGATCGTGGAATTCCATGTGTAGCGGTGAAATGCGTAGATATTAGGAGGAACACCAGTGGCGAAGGCGGCTTTCTGGACGACAACTGACGCTGAGGTACGAAAGCGTGGGGAGCAAACAG
ASV_324	Bacteria	Firmicutes	Clostridia	Oscillospirales	Ruminococcaceae	NA	NA	ASV_324	ATCGGGAGGAACACCAGTGGCGAAGGCGGCCTACTGGGCACCAACTGACGCTGAGGCTCGAAAGTGTGGGTAGCAAACAGGATTAGATACCCCAGTAGTCCTGTCTCTTATACACATCTCCGAGC
ASV_325	Bacteria	Firmicutes	NA	NA	NA	NA	NA	ASV_325	GTGCGGAAGAGGATCGTGGAATTCCATGTGTAGCGGTGAAATGCGTAGATATCGGGAGGAACACCAGTGGCGAAGGCGGCCAACTGGGCTTTAACTGACGCTGAGGCTCGAAAGTGTGGGGAGCAAACAG
ASV_326	Bacteria	Firmicutes	Clostridia	Clostridia UCG-014	NA	NA	NA	ASV_326	GTACAGGAGAGGTAAGTGGAATTCCTAGTGTAGCGGTGAAATGCGTAGATATTAGGAGGAACACCAGTGGCGAAGGCGACTTTCTGGACAGTAACTGACGTTGAGGCACGAAAGTGTGGGGAGCAAACAG
ASV_327	Bacteria	Firmicutes	Clostridia	NA	NA	NA	NA	ASV_327	GTACAGGAGAGGTAAGTGGAATTCCTAGTGTAGCGGTGAAATGCGTAGATATTAGGAGGAACACCAGTGGCGAAGGCGACTTACTGGACTGTAACTGACGTTGAGGCACGAAAGTGTGGGGAGCAAACAG
ASV_328	Bacteria	Bacteroidota	Bacteroidia	Bacteroidales	Prevotellaceae	Prevotella_9	NA	ASV_328	GTGCGGAAGAGGATCGTGGAATTCCATGTGTAGCGGTGAAATGCTTAGATATCACGAAGAACTCCGATTGCGAAGGCAGCTCACTGGGGCGCAACTGACGCTGAAGCTCGAAAGCGCGGGTATCGAACAG
ASV_329	Bacteria	NA	NA	NA	NA	NA	NA	ASV_329	GTGCGGAAGAGGATCGTGGAATTCCATGTGTAGCGGTGAAATGCGTAGATATTAGGAGGAACACCAGTGGCGAAGGCGGCCCCCTGGACAAAGACTGACGCTCAGGTGCGAAAGCGTGGGGAGCAAACAG
ASV_330	Bacteria	Firmicutes	Bacilli	NA	NA	NA	NA	ASV_330	GTGCGGAAGAGGATCGTGGAATTCCATGTGTAGCGGTGAAATGCGTAGATATTAGGAGGAACACCAGTGGCGAAGGCGGCTTTCTGGACTGACACTGACGCTGAGGCTCGAAAGCGTGGGGAGCAAACAG
ASV_331	Bacteria	Firmicutes	Bacilli	NA	NA	NA	NA	ASV_331	GTGCGGAAGAGGATCGTGGAATTCCATGTGTAGCGGTGAAATGCGTAGATATTAGGAGGAACACCAGTGGCGAAGGCGGCCTACTGGGCTTTAACTGACGCTGAGGCACGAAAGCGTGGGTAGCAAACAG
ASV_332	Bacteria	Firmicutes	Clostridia	Oscillospirales	NA	NA	NA	ASV_332	GTGCGGAAGAGGATCGTGGAATTCCATGTGTAGCGGTGAAATGCGTAGATATTAGGAGGAACACCAGTGGCGAAGGCGGCCTGCTGGGCTTTAACTGACGCTGAGGCTCGAAAGCGTGGGTAGCAAACAG
ASV_333	Bacteria	Firmicutes	NA	NA	NA	NA	NA	ASV_333	GTGCGGAAGAGGATCGTGGAATTCCATGTGTAGCGGTGAAATGCGTAGATATTAGGAGGAACACCAGTGGCGAAGGCGGCTTACTGGACGACCACTGACGCTGAGGCTCGAAAGCGTGGGGAGCAAACAG
ASV_334	Bacteria	Firmicutes	Clostridia	Oscillospirales	NA	NA	NA	ASV_334	GTGCGGAAGAGGATCGTGGAATTCCTAGTGTAGCGGTGAAATGCGTAGATATTAGGAGGAACACCAGTGGCGAAGGCGGCCAACTGGGCTTTTACTGACGCTGAGGCTCGAAAGTGTGGGGAGCAAACAG
ASV_335	Bacteria	Firmicutes	NA	NA	NA	NA	NA	ASV_335	GTGCGGAAGAGGATCGTGGAATTCCATGTGTAGCGGTGAAATGCGTAGATATCGGGTGGAACACCGGTGGCGAAGGCGGCCAACTGGGCTTTAACTGACGCTGAGGCTCGAAAGTGTGGGGAGCAAACAG
ASV_336	Bacteria	Bacteroidota	Bacteroidia	Bacteroidales	Prevotellaceae	NA	NA	ASV_336	GTGCGGAAGAGGATCGTGGAATTCCATGTGTAGCGGTGAAATGCTTAGATATCACGAAGAACTCCGATTGCGAAGGCAGCTGACGGTAGCGCAACTGACGCTGAGGCTCGAAAGCGCGGGTATCGAACAG
